,관광 명소,주소,테마
0,우도,제주특별자치도 제주시 우도면 삼양고수물길 1,"#섬속의섬 #경관/포토 #아이
#맑음 #자연경관 #포토스팟 #어린이 #봄꽃 #유채꽃 #유네스코"
1,성산일출봉,제주특별자치도 서귀포시 성산읍 일출로 284-12,"#일출 #오름 #경관/포토
#부모 #자연경관 #포토스팟 #유네스코"
2,사려니숲길,제주특별자치도 제주시 조천읍 교래리 산 137-1,"#숲길 #걷기/등산 #친구
#커플 #흐림 #봄 #자연경관 #도보여행 #도보 #숲 #단풍"
3,카멜리아힐,제주 서귀포시 안덕면 병악로 166,"#경관/포토 #커플 #아이
#맑음 #겨울 #힐링 #우수관광사업체 #자연경관 #포토스팟 #어린이 #어트랙션 #동백 #수국"
4,협재해수욕장,제주특별자치도 제주시 한림읍 한림로 329-10,"#일몰 #해수욕장 #액티비티
#아이 #맑음 #여름 #자연경관 #체험 #레저/체험 #해변 #물놀이 #어린이 #수상레저"
5,월정리해변,제주특별자치도 제주시 구좌읍 월정리 33-3,"#해변 #경관/포토 #커플
#여름 #자연경관 #포토스팟"
6,함덕해수욕장,제주특별자치도 제주시 조천읍 조함해안로 519-10,"#해수욕장 #액티비티 #아이
#맑음 #여름 #자연경관 #체험 #레저/체험 #해변 #물놀이 #어린이 #수상레저"
7,산굼부리,제주특별자치도 제주시 조천읍 비자림로 768,"#오름 #걷기/등산 #친구
#맑음 #가을 #우수관광사업체 #자연경관 #억새"
8,새별오름,제주특별자치도 제주시 애월읍 봉성리 산 59-8,"#일몰 #밤 #오름
#걷기/등산 #아이 #봄 #자연경관 #도보여행 #도보 #어린이 #억새"
9,섭지코지,제주특별자치도 서귀포시 성산읍 섭지코지로 107,"#일출 #해변 #경관/포토
#커플 #맑음 #가을 #자연경관 #포토스팟 #봄꽃 #유채꽃"
10,오설록티뮤지엄,제주특별자치도 서귀포시 안덕면 신화역사로 15,"#테마공원 #커플 #친구
#부모 #아이 #혼자 #맑음 #휴식/힐링 #녹차 #실내관광지 #어트랙션"
11,한라산국립공원,제주특별자치도 제주시 1100로 2070-61,"#산 #걷기/등산 #경관/포토
#친구 #사계절 #자연경관 #포토스팟 #한라산 #언택트 #단풍 #유네스코"
12,제주4.3평화공원,제주특별자치도 제주시 명림로 430,"#테마공원 #부모 #커플
#혼자 #친구 #아이 #맑음 #흐림 #미술/박물관 #실내 #실내관광지 #어트랙션 #봄꽃 #벚꽃"
13,에코랜드 테마파크,제주특별자치도 제주시 조천읍 번영로 1278-169,"#테마공원 #아이 #맑음
#봄 #가을 #겨울 #실내관광지 #어린이 #어트랙션"
14,용눈이오름,제주특별자치도 제주시 구좌읍 종달논길,"#일출 #밤 #오름
#걷기/등산 #친구 #가을 #자연경관 #도보여행 #도보"
15,비자림,제주특별자치도 제주시 구좌읍 비자숲길 55,"#걷기/등산 #아이 #흐림
#여름 #힐링 #자연경관 #어린이 #수국"
16,천지연폭포,제주특별자치도 서귀포시 남성중로 2-15,"#폭포 #밤 #경관/포토
#부모 #맑음 #여름 #자연경관 #포토스팟 #유네스코"
17,세화해변,제주특별자치도 제주시 구좌읍 해녀박물관길 27,"#해변 #휴식/힐링 #커플
#맑음 #여름 #자연경관"
18,우도산호해변 홍조단괴 서빈백사,제주특별자치도 제주시 우도면 우도해안길 252,"#일몰 #해변 #경관/포토
#커플 #맑음 #여름 #자연경관 #포토스팟"
19,광치기해변,제주특별자치도 서귀포시 성산읍 섭지코지로 63,"#일출 #해변 #경관/포토
#흐림 #봄 #자연경관 #포토스팟 #봄꽃 #유채꽃"
20,김녕해수욕장,제주특별자치도 제주시 구좌읍 구좌해안로 237,"#해수욕장 #액티비티 #아이
#맑음 #여름 #자연경관 #체험 #레저/체험 #해변 #물놀이 #어린이 #수상레저"
21,아쿠아플라넷 제주,제주특별자치도 서귀포시 성산읍 섭지코지로 95,"#실내 #테마공원 #아이
#비.눈 #사계절 #우수관광사업체 #실내관광지 #어린이 #어트랙션 #어린이동물농장"
22,송악산,제주특별자치도 서귀포시 대정읍 송악관광로 421-1,"#일몰 #일출 #산
#해변 #걷기/등산 #친구 #커플 #맑음 #가을 #자연경관 #수국"
23,쇠소깍,제주특별자치도 서귀포시 쇠소깍로 128,"#계곡 #휴식/힐링 #액티비티
#커플 #맑음 #여름 #자연경관 #체험 #레저/체험 #수상레저 #어트랙션"
24,금능해수욕장,제주특별자치도 제주시 한림읍 금능길 119-10,"#일몰 #해수욕장 #액티비티
#아이 #맑음 #여름 #자연경관 #체험 #레저/체험 #해변 #물놀이 #어린이 #수상레저"
25,마라도,제주특별자치도 서귀포시 대정읍 마라로101번길 46,"#섬속의섬 #휴식/힐링 #부모
#아이 #맑음 #가을 #자연경관 #어린이"
26,애월해안도로,제주특별자치도 제주시 애월읍 애월해안로,"#일몰 #해변 #드라이브
#커플 #맑음 #여름 #자연경관"
27,곽지해수욕장,제주특별자치도 제주시 애월읍 애월원당길 (곽지리),"#일몰 #해수욕장 #액티비티
#아이 #맑음 #여름 #자연경관 #체험 #레저/체험 #해변 #물놀이 #어린이 #수상레저"
28,용머리해안,제주특별자치도 서귀포시 안덕면 사계리,"#해변 #휴식/힐링 #부모
#커플 #맑음 #봄 #자연경관 #유네스코"
29,한라산영실코스,제주특별자치도 서귀포시 영실로 246,"#부모 #커플 #혼자
#친구 #경관/포토 #오름 #사계절 #자연경관 #체험 #포토스팟 #한라산 #언택트 #어트랙션 #단풍"
30,정방폭포,제주특별자치도 서귀포시 칠십리로214번길 37,"#폭포 #경관/포토 #커플
#여름 #자연경관 #포토스팟"
31,용두암,제주특별자치도 제주시 용두암길 15,"#일출 #해변 #경관/포토
#맑음 #자연경관 #포토스팟"
32,제주절물자연휴양림,제주특별자치도 제주시 명림로 584,"#휴양림 #걷기/등산 #휴식/힐링
#친구 #커플 #흐림 #여름 #자연경관 #수국"
33,산방산,제주특별자치도 서귀포시 안덕면 사계리 산 16,"#지질트레일 #산 #걷기/등산
#맑음 #가을 #자연경관 #봄꽃 #유채꽃 #유네스코"
34,다랑쉬오름,제주특별자치도 제주시 구좌읍 구좌로 109-8,"#일출 #밤 #오름
#걷기/등산 #친구 #가을 #힐링 #자연경관 #도보여행 #도보 #억새"
35,한림공원,제주특별자치도 제주시 한림읍 한림로 300,"#휴식/힐링 #테마공원 #아이
#맑음 #봄 #우수관광사업체 #동굴 #어린이 #매화 #수국"
36,더럭초등학교,제주특별자치도 제주시 애월읍 하가로 195,"#경관/포토 #커플 #아이
#맑음 #봄 #포토스팟 #어린이 #봄꽃 #벚꽃"
37,외돌개,제주특별자치도 서귀포시 서홍동 791,"#일출 #해변 #경관/포토
#휴식/힐링 #맑음 #가을 #자연경관 #포토스팟"
38,천제연폭포,제주특별자치도 서귀포시 천제연로 132(중문동),"#폭포 #경관/포토 #커플
#아이 #맑음 #여름 #포토스팟 #어린이 #봄꽃 #벚꽃"
39,방주교회,제주특별자치도 서귀포시 안덕면 산록남로762번길 113,"#부모 #커플 #친구
#아이 #맑음 #사계절 #문화관광 #어린이 #어트랙션"
40,가파도,제주특별자치도 서귀포시 대정읍 가파리,"#섬속의섬 #경관/포토 #휴식/힐링
#친구 #커플 #맑음 #봄 #자연경관 #포토스팟 #언택트"
41,이호테우말등대,제주특별자치도 제주시 서해안로 58,"#등대 #일몰 #경관/포토
#커플 #맑음 #가을 #포토스팟"
42,중문색달해수욕장,제주특별자치도 서귀포시 중문관광로72번길 29-51,"#해수욕장 #액티비티 #친구
#맑음 #여름 #자연경관 #체험 #레저/체험 #해변 #물놀이 #수상레저"
43,신창~차귀해안도로,제주특별자치도 제주시 한경면 한경해안로 470,"#일몰 #드라이브 #커플
#맑음 #가을 #자연경관"
44,제주김녕미로공원,제주특별자치도 제주시 구좌읍 만장굴길 122,"#테마공원 #아이 #맑음
#봄 #우수관광사업체 #자연경관 #어린이"
45,비양도,제주특별자치도 제주시 한림읍 협재리,"#섬속의섬 #일몰 #휴식/힐링
#아이 #맑음 #여름 #자연경관 #어린이 #언택트 #유네스코"
46,성이시돌목장,제주특별자치도 제주시 한림읍 산록남로 53,"#목장 #경관/포토 #커플
#우유 #자연경관 #포토스팟"
47,휴애리 자연생활공원,"제주특별자치도 서귀포시 남원읍 신례동로 256 (신례리, 휴애리)","#휴식/힐링 #아이 #맑음
#봄 #우수관광사업체 #자연경관 #어린이 #동백 #매화 #수국"
48,주상절리대,제주특별자치도 서귀포시 이어도로 36-30,"#해변 #경관/포토 #친구
#커플 #맑음 #자연경관 #포토스팟 #유네스코"
49,검멀레해변,제주특별자치도 제주시 우도면 우도해안길,"#해변 #경관/포토 #커플
#맑음 #여름 #자연경관 #포토스팟"
50,만장굴,제주특별자치도 제주시 구좌읍 만장굴길 182,"#동굴 #경관/포토 #아이
#흐림 #여름 #자연경관 #포토스팟 #어린이 #유네스코"
51,애월한담해안산책로,제주특별자치도 제주시 애월읍 곽지리 1359,"#해변 #걷기/등산 #친구
#맑음 #유채꽃 #자연경관 #봄꽃"
52,황우지해안,제주특별자치도 서귀포시 서홍동 766-1,"#해변 #경관/포토 #액티비티
#친구 #커플 #맑음 #여름 #자연경관 #체험 #레저/체험 #포토스팟 #수상레저 #어트랙션"
53,노리매공원,제주특별자치도 서귀포시 대정읍 중산간서로 2260-15,"#경관/포토 #테마공원 #커플
#맑음 #봄 #자연경관 #포토스팟 #매화"
54,백약이오름,제주특별자치도 서귀포시 표선면 성읍리 산 1,"#일출 #오름 #걷기/등산
#친구 #커플 #겨울 #자연경관 #도보여행 #도보"
55,보롬왓,제주특별자치도 서귀포시 표선면 번영로 2350-104,"#경관/포토 #휴식/힐링 #친구
#커플 #맑음 #봄 #여름 #가을 #자연경관 #포토스팟 #수국"
56,관덕정,제주특별자치도 제주시 관덕로 19,"#문화유적지 #부모 #커플
#혼자 #친구 #아이 #사계절 #4.3 #실내관광지 #제주4.3 #역사유적 #어린이 #어트랙션"
57,메이즈랜드,제주특별자치도 제주시 구좌읍 비자림로 2134-47,"#부모 #아이 #테마공원
#미술/박물관 #경관/포토 #전시와행사 #우수관광사업체 #실내관광지 #포토스팟 #어린이 #어트랙션"
58,새연교,제주특별자치도 서귀포시 서홍동 707-4,"#밤 #경관/포토 #커플
#맑음 #포토스팟"
59,표선해수욕장,제주특별자치도 서귀포시 표선면 표선리,"#해수욕장 #액티비티 #커플
#맑음 #여름 #자연경관 #체험 #레저/체험 #해변 #물놀이 #수상레저"
60,김영갑갤러리 두모악,제주특별자치도 서귀포시 성산읍 삼달로 137,"#예술 #실내 #미술/박물관
#커플 #흐림 #겨울 #문화관광 #어트랙션"
61,중문관광단지,제주특별자치도 서귀포시 중문관광로72번길 35,"#부모 #커플 #아이
#체험관광 #쇼핑 #어린이 #어트랙션"
62,따라비오름,제주특별자치도 서귀포시 표선면 가시리 산 62,"#일출 #오름 #걷기/등산
#친구 #가을 #자연경관 #도보여행 #도보 #억새"
63,윗세오름,제주특별자치도 제주시 애월읍 광령리 산 183-1,"#오름 #걷기/등산 #친구
#자연경관 #도보여행 #도보 #한라산 #언택트"
64,제주동백수목원,제주특별자치도 서귀포시 남원읍 위미중앙로300번길 15,"#경관/포토 #커플 #겨울
#제주동백수목원 #자연경관 #동백 #포토스팟"
65,하고수동해변,제주특별자치도 제주시 우도면 연평리,"#해변 #휴식/힐링 #친구
#커플 #맑음 #여름 #자연경관"
66,백록담,제주특별자치도 서귀포시 토평동 산 15-1,"#커플 #혼자 #친구
#경관/포토 #맑음 #사계절 #등산 #자연경관 #포토스팟 #한라산 #언택트"
67,삼양해수욕장,제주특별자치도 제주시 삼양동,"#해수욕장 #액티비티 #친구
#커플 #맑음 #여름 #자연경관 #체험 #레저/체험 #해변 #물놀이"
68,선녀와나무꾼,제주특별자치도 제주시 조천읍 선교로 267,"#실내 #테마공원 #커플
#아이 #흐림 #사계절 #실내관광지 #어린이 #어트랙션"
69,제주돌문화공원,제주특별자치도 제주시 조천읍 남조로 2023,"#테마공원 #커플 #흐림
#겨울 #실내관광지 #어트랙션"
70,마방목지,제주특별자치도 제주시 516로 2480,"#경관/포토 #문화유적지 #아이
#맑음 #봄 #자연경관 #역사유적 #포토스팟 #어린이"
71,아끈다랑쉬,제주특별자치도 제주시 구좌읍 세화리 2593,"#오름 #걷기/등산 #가을
#자연경관 #단풍 #억새"
72,아침미소목장,제주특별자치도 제주시 첨단동길 160-20,"#체험관광 #아이 #맑음
#봄 #체험 #어린이 #어트랙션"
73,용담/용두암 해안도로,제주특별자치도 제주시 서해안로 687-8,"#밤 #해변 #드라이브
#커플 #맑음 #가을 #자연경관"
74,쇠소깍해변,제주특별자치도 서귀포시 하효동,"#해변 #경관/포토 #커플
#맑음 #여름 #자연경관 #포토스팟"
75,이중섭거리,제주특별자치도 서귀포시 이중섭로 4-1 (서귀동),"#예술 #걷기/등산 #커플
#맑음 #가을"
76,차귀도,제주특별자치도 제주시 한경면 고산리 125,"#커플 #맑음 #문화유적지
#일몰 #차귀도 #수월봉 #자연경관 #역사유적 #언택트 #단풍"
77,너븐숭이 4.3기념관,제주특별자치도 제주시 조천읍 북촌3길 3,"#4.3 #실내 #미술/박물관
#부모 #비.눈 #봄 #자연경관 #문화관광 #제주4.3 #역사유적 #어트랙션"
78,우도 비양도,제주특별자치도 제주시 우도면 연평리,"#일출 #경관/포토 #아이
#맑음 #봄 #자연경관 #포토스팟 #어린이 #언택트"
79,월령선인장군락지,제주특별자치도 제주시 한림읍 월령3길 27-4,"#경관/포토 #커플 #맑음
#여름 #포토스팟"
80,아부오름,제주특별자치도 제주시 구좌읍 송당리 산 164-1,"#커플 #친구 #맑음
#오름 #가을 #봄 #자연경관 #도보여행 #도보"
81,여미지식물원,제주특별자치도 서귀포시 중문관광로 93,"#실내 #테마공원 #친구
#커플 #맑음 #겨울 #우수관광사업체 #실내관광지 #어트랙션"
82,제주유리의성,제주특별자치도 제주시 한경면 녹차분재로 462,"#테마공원 #커플 #흐림
#가을 #우수관광사업체 #실내관광지 #어트랙션"
83,녹산로유채꽃길,제주특별자치도 서귀포시 표선면 가시리 산 87-15,"#드라이브 #경관/포토 #커플
#맑음 #봄 #봄꽃 #자연경관 #도보여행 #도보 #포토스팟 #유채꽃 #벚꽃"
84,함덕백사장 & 서우봉,제주특별자치도 제주시 조천읍 조함해안로 519-10,"#부모 #커플 #혼자
#친구 #아이 #맑음 #여름 #해변 #문화유적지 #오름 #자연경관 #역사유적 #어린이 #봄꽃 #유채꽃"
85,거문오름,제주특별자치도 제주시 조천읍 선교로 569-36,"#부모 #커플 #혼자
#친구 #맑음 #오름 #세계자연유산 #자연경관 #도보여행 #도보 #언택트 #유네스코"
86,소인국테마파크,제주특별자치도 서귀포시 안덕면 중산간서로 1878,"#테마공원 #아이 #봄
#우수관광사업체 #실내관광지 #어린이 #어트랙션"
87,렛츠런팜제주,제주특별자치도 제주시 조천읍 남조로 1660,"#테마공원 #아이 #꽃
#어린이 #해바라기"
88,오라동 청보리-메밀꽃밭,제주특별자치도 제주시 오라2동 산 76,"#경관/포토 #친구 #커플
#맑음 #봄 #가을 #자연경관 #포토스팟 #어트랙션"
89,제주민속촌,제주특별자치도 서귀포시 표선면 민속해안로 631-34,"#문화유적지 #아이 #흐림
#가을 #우수관광사업체 #역사유적"
90,하도해변,제주특별자치도 제주시 구좌읍 해맞이해안로,"#해수욕장 #액티비티 #커플
#맑음 #여름 #자연경관 #체험 #레저/체험 #해변 #물놀이 #수상레저"
91,수월봉 지질트레일,제주특별자치도 제주시 한경면 노을해안로 1013-70,"#지질트레일 #걷기/등산 #친구
#맑음 #가을 #자연경관 #언택트 #유네스코"
92,안덕계곡,제주특별자치도 서귀포시 안덕면 일주서로 1524,"#계곡 #액티비티 #커플
#흐림 #봄 #자연경관 #체험 #레저/체험 #어트랙션"
93,헬로키티아일랜드,제주특별자치도 서귀포시 안덕면 한창로 340,"#실내 #테마공원 #아이
#비.눈 #겨울 #우수관광사업체 #실내관광지 #어린이 #어트랙션"
94,제주러브랜드,제주특별자치도 제주시 1100로 2894-72,"#커플 #테마공원 #가을
#밤 #실내관광지 #어트랙션"
95,항파두리항몽유적지,제주특별자치도 제주시 애월읍 항파두리로 50,"#문화유적지 #친구 #커플
#봄 #가을 #문화관광 #역사유적 #봄꽃 #유채꽃 #수국 #해바라기"
96,제주조천스위스마을,제주특별자치도 제주시 조천읍 함와로 566-27,"#포토스팟 #카페 #실내
#여자 #남자 #커플 #휴식 #비/바람/눈 #안개/흐림 #맑음 #여름 #마을산책 #마을관광 #어트랙션"
97,군산,제주특별자치도 서귀포시 안덕면 창천리 564,"#일몰 #일출 #오름
#걷기/등산 #친구 #맑음 #가을 #자연경관 #도보여행 #도보"
98,박물관은 살아있다,제주특별자치도 서귀포시 중문관광로 42,"#실내 #테마공원 #아이
#비.눈 #겨울 #사계절 #실내관광지 #문화관광 #박물관 #어트랙션"
99,본태박물관,제주특별자치도 서귀포시 안덕면 산록남로762번길 69,"#예술 #실내 #미술/박물관
#친구 #커플 #흐림 #겨울 #우수관광사업체 #실내관광지 #문화관광 #박물관 #어트랙션"
100,용연,제주특별자치도 제주시 흥운길 73,"#밤 #휴식/힐링 #맑음
#여름 #자연경관"
101,제주레일바이크,제주특별자치도 제주시 구좌읍 용눈이오름로 641,"#친구 #경관/포토 #체험관광
#액티비티 #가을 #체험 #레저/체험 #포토스팟 #어트랙션"
102,한담해변,제주특별자치도 제주시 애월읍 애월로1길 26-4,"#해변 #경관/포토 #커플
#맑음 #여름 #자연경관 #포토스팟 #봄꽃 #유채꽃"
103,한라산어리목코스,제주특별자치도 제주시 1100로 2070-61,"#산 #걷기/등산 #친구
#커플 #흐림 #봄 #자연경관 #체험 #한라산 #언택트 #어트랙션 #단풍"
104,김경숙해바라기농장,제주특별자치도 제주시 번영로 854-1,"#커플 #친구 #아이
#부모 #혼자 #경관/포토 #여름 #맑음 #자연경관 #포토스팟 #어린이 #어트랙션 #해바라기"
105,선운정사,제주특별자치도 제주시 애월읍 구몰동길 65,"#밤 #경관/포토 #휴식/힐링
#부모 #흐림 #여름 #문화관광 #포토스팟"
106,성읍마을,제주특별자치도 서귀포시 표선면 성읍정의현로 19,"#문화유적지 #부모 #아이
#봄 #자연경관 #역사유적 #마을산책 #마을관광 #어린이"
107,세계자동차 & 피아노박물관,제주특별자치도 서귀포시 안덕면 중산간서로 1610,"#실내 #미술/박물관 #아이
#비.눈 #사계절 #우수관광사업체 #실내관광지 #문화관광 #박물관 #어트랙션"
108,우도등대,제주특별자치도 제주시 우도면 우도봉길 105,"#등대 #경관/포토 #친구
#맑음 #봄 #포토스팟"
109,환상숲 곶자왈공원,제주특별자치도 제주시 한경면 녹차분재로 594-1,"#웰니스 #자연 #숲
#치유 #걷기/등산 #커플 #자연경관 #곶자왈"
110,남원큰엉해변,제주특별자치도 서귀포시 남원읍 태위로 522-17,"#해변 #경관/포토 #맑음
#여름 #자연경관 #포토스팟"
111,서우봉,제주특별자치도 제주시 조천읍 함덕리 169-1,"#맑음 #봄 #걷기/등산
#유채꽃 #오름 #코스모스 #자연경관 #봄꽃"
112,섯알오름,제주특별자치도 서귀포시 대정읍 상모리 1618,"#부모 #커플 #혼자
#친구 #아이 #오름 #4.3 #자연경관 #제주4.3 #역사유적 #도보여행 #도보 #어린이"
113,제주특별자치도 도립미술관,제주특별자치도 제주시 1100로 2894-78,"#예술 #미술/박물관 #실내
#사계절 #커플 #혼자 #실내관광지 #미술관 #문화관광 #어트랙션"
114,김녕 지질트레일,제주특별자치도 제주시 구좌읍 김녕로 209,"#지질트레일 #걷기/등산 #친구
#커플 #맑음 #가을 #겨울 #자연경관 #체험 #언택트 #유네스코 #어트랙션"
115,서귀포잠수함,"제주특별자치도 서귀포시 남성중로 40 (서홍동, 유람선매표소) 서귀포잠수함","#액티비티 #커플 #아이
#우수관광사업체 #체험 #레저/체험 #어린이 #수상레저 #어트랙션"
116,아날로그감귤밭,제주특별자치도 제주시 해안마을8길 46,"#커플 #아이 #친구
#체험관광 #맑음 #겨울 #체험 #어린이 #어트랙션"
117,제주허브동산,제주특별자치도 서귀포시 표선면 돈오름로 170,"#테마공원 #친구 #커플
#맑음 #우수관광사업체 #우정스냅 #동백 #수국"
118,평대리해변,제주특별자치도 제주시 구좌읍 평대리 515-24,"#해변 #경관/포토 #맑음
#여름 #자연경관 #포토스팟"
119,감귤박물관,제주특별자치도 서귀포시 효돈순환로 441,"#실내 #미술/박물관 #아이
#비.눈 #겨울 #실내관광지 #문화관광 #박물관 #어트랙션"
120,엉또폭포,제주특별자치도 서귀포시 염돈로 121-8 (강정동),"#폭포 #경관/포토 #커플
#비.눈 #여름 #자연경관 #포토스팟"
121,이니스프리제주하우스,제주특별자치도 서귀포시 안덕면 신화역사로 23,"#커플 #친구 #아이
#테마공원 #사계절 #실내 #어린이 #어트랙션"
122,제주올레 7코스,제주특별자치도 서귀포시 서홍동 795-1,"#올레 #걷기/등산 #친구
#여름 #자연경관 #도보여행 #도보"
123,지미봉,제주특별자치도 제주시 구좌읍 종달로1길 91-16,"#커플 #친구 #맑음
#오름 #자연경관"
124,코코몽 에코파크[휴업중],제주특별자치도 서귀포시 남원읍 태위로 536,"#테마공원 #아이 #가을
#실내관광지 #어린이 #어트랙션"
125,퍼시픽 리솜 요트투어 샹그릴라,제주특별자치도 서귀포시 중문관광로 154-17,"#액티비티 #부모 #아이
#맑음 #여름 #우수관광사업체 #체험 #레저/체험 #어린이 #수상레저 #어트랙션"
126,약천사,제주특별자치도 서귀포시 이어도로 293-28,"#실내 #휴식/힐링 #부모
#흐림 #여름 #문화관광 #어트랙션"
127,어승생,제주특별자치도 제주시 해안동 1100도로 555번지 (해안동 산220-12번지),"#산 #걷기/등산 #친구
#흐림 #자연경관 #한라산 #언택트"
128,원앙폭포,제주특별자치도 서귀포시 돈내코로 137,"#폭포 #커플 #경관/포토
#여름 #자연경관 #포토스팟"
129,이중섭거주지,제주특별자치도 서귀포시 이중섭로 29,"#문화유적지 #사계절 #문화관광
#역사유적"
130,해녀박물관,제주특별자치도 제주시 구좌읍 해녀박물관길 26,"#실내 #문화유적지 #미술/박물관
#아이 #비.눈 #겨울 #실내관광지 #문화관광 #박물관 #역사유적 #어린이 #어트랙션"
131,대평포구,제주특별자치도 서귀포시 안덕면 감천로190번길 9-62-2,"#포구 #해변 #문화유적지
#가을 #문화관광 #역사유적"
132,모슬포항,제주특별자치도 서귀포시 대정읍 신영로36번길 48,"#커플 #친구 #맑음
#해변"
133,산방산 용머리해안 지질트레일,제주특별자치도 서귀포시 안덕면 사계북로41번길 192,"#지질트레일 #걷기/등산 #친구
#커플 #맑음 #봄 #자연경관 #체험 #언택트 #유네스코 #어트랙션 #봄꽃 #유채꽃"
134,성널오름,제주특별자치도 서귀포시 남원읍 신례리,"#오름 #걷기/등산 #봄
#자연경관 #도보여행 #도보 #한라산 #언택트"
135,신양섭지해수욕장,제주특별자치도 서귀포시 성산읍 섭지코지로 107,"#해수욕장 #액티비티 #커플
#맑음 #여름 #자연경관 #체험 #레저/체험 #해변 #물놀이 #수상레저"
136,알뜨르비행장,제주특별자치도 서귀포시 대정읍 상모리,"#문화유적지 #친구 #커플
#흐림 #봄 #자연경관 #문화관광 #역사유적"
137,제주레포츠랜드,제주특별자치도 제주시 조천읍 와흘상서2길 47,"#액티비티 #아이 #맑음
#체험 #레저/체험 #어린이 #어트랙션"
138,생각하는정원,제주특별자치도 제주시 한경면 녹차분재로 675,"#휴식/힐링 #테마공원 #커플
#아이 #흐림 #가을 #어린이 #어트랙션"
139,제주항공우주박물관,제주특별자치도 서귀포시 안덕면 녹차분재로 218 항곡우주박물관,"#실내 #미술/박물관 #아이
#비.눈 #겨울 #우수관광사업체 #실내관광지 #문화관광 #박물관 #어트랙션"
140,박수기정,제주특별자치도 서귀포시 안덕면 난드르로 90-25,"#절벽 #경관/포토 #해변
#자연경관 #포토스팟"
141,일출랜드,제주특별자치도 서귀포시 성산읍 중산간동로 4150-30,"#테마공원 #아이 #맑음
#우수관광사업체 #실내관광지 #어트랙션"
142,탑동,제주특별자치도 제주시 중앙로 2,"#밤 #일몰 #해변
#휴식/힐링 #흐림 #여름"
143,한라수목원,제주특별자치도 제주시 수목원길 72,"#수목원 #휴식/힐링 #테마공원
#부모 #아이 #맑음 #여름 #자연경관 #어린이 #동백"
144,닭머르해안길,제주특별자치도 제주시 조천읍 신촌북3길 62-1,"#해변 #일몰 #걷기/등산
#맑음 #가을 #도보여행 #도보 #억새"
145,도두봉,제주특별자치도 제주시 도두동 산 1,"#일출 #일몰 #오름
#휴식/힐링 #부모 #혼자 #커플 #친구 #아이 #자연경관 #어린이"
146,이중섭미술관,제주특별자치도 서귀포시 이중섭로 27-3,"#예술 #실내 #미술/박물관
#커플 #비.눈 #겨울 #문화관광 #미술관 #실내관광지 #어트랙션"
147,제주대학교 가는길,제주특별자치도 제주시 제주대학로 102,"#걷기/등산 #맑음 #도보여행
#도보 #봄꽃 #벚꽃"
148,동백동산,제주특별자치도 제주시 조천읍 선흘리 산 12,"#걷기/등산 #휴식/힐링 #맑음
#겨울 #자연경관 #동백 #언택트"
149,사라오름,제주특별자치도 서귀포시 남원읍 신례리 산 2-1,"#오름 #걷기/등산 #커플
#겨울 #자연경관 #도보여행 #도보 #한라산 #언택트"
150,서귀포치유의숲,제주특별자치도 서귀포시 산록남로 2271,"#웰니스 #자연 #숲
#치유 #숲길 #걷기/등산 #부모 #자연경관 #도보여행 #도보"
151,월정리 카약체험장,제주특별자치도 제주시 구좌읍 일주동로 2361-2,"#액티비티 #커플 #여름
#체험 #레저/체험 #수상레저 #어트랙션"
152,위미리 동백나무군락,제주특별자치도 서귀포시 남원읍 위미중앙로300번길 23-7,"#경관/포토 #커플 #아이
#맑음 #겨울 #자연경관 #동백 #포토스팟 #어린이"
153,제주공룡랜드,제주특별자치도 제주시 애월읍 광령평화2길 1,"#테마공원 #아이 #가을
#실내관광지 #어린이 #어트랙션"
154,종달리수국길,제주특별자치도 제주시 구좌읍 해맞이해안로 2121,"#수국 #꽃 #걷기/등산
#경관/포토 #커플 #맑음 #여름 #자연경관 #도보여행 #도보 #포토스팟"
155,테디베어뮤지엄제주,제주특별자치도 서귀포시 중문관광로110번길 31,"#실내 #테마공원 #아이
#비.눈 #겨울 #우수관광사업체 #실내관광지 #어트랙션"
156,붉은오름 자연휴양림,제주특별자치도 서귀포시 표선면 남조로 1487-73,"#휴양림 #걷기/등산 #휴식/힐링
#커플 #흐림 #가을 #자연경관 #도보여행 #도보"
157,제주현대미술관,제주특별자치도 제주시 한경면 저지14길 35,"#예술 #실내 #미술/박물관
#커플 #흐림 #겨울 #실내관광지 #미술관 #문화관광 #어트랙션"
158,형제섬,제주특별자치도 서귀포시 안덕면 사계리 산 44,"#커플 #친구 #혼자
#경관/포토 #일몰 #일출 #자연경관 #섬속의섬 #포토스팟"
159,관음사,제주특별자치도 제주시 산록북로 660,"#템플스테이 #산 #휴식/힐링
#흐림 #봄 #한라산 #언택트 #어트랙션 #단풍"
160,동굴의 다원 다희연,제주특별자치도 제주시 조천읍 선교로 266 캐릭파크 내,"#동굴 #테마공원 #커플
#흐림 #겨울 #자연경관 #녹차"
161,범섬,제주특별자치도 서귀포시 법환동,"#경관/포토 #휴식/힐링 #휴식/치유
#맑음 #자연경관 #섬속의섬 #포토스팟"
162,산방굴사,제주특별자치도 서귀포시 안덕면 사계리 산 16,"#문화유적지 #부모 #맑음
#문화관광 #역사유적"
163,성산항,제주특별자치도 서귀포시 성산읍 성산등용로 129-21,#맑음
164,제주올레 8코스,제주특별자치도 서귀포시 예래해안로 256,"#올레 #걷기/등산 #친구
#혼자 #가을 #자연경관 #도보여행 #도보"
165,제주해양동물박물관,제주특별자치도 서귀포시 성산읍 서성일로 689-21,"#실내 #미술/박물관 #아이
#비.눈 #사계절 #실내관광지 #문화관광 #박물관 #어린이 #어트랙션 #어린이동물농장"
166,혼인지,제주특별자치도 서귀포시 성산읍 혼인지로 39-22,"#문화유적지 #맑음 #문화관광
#역사유적 #수국"
167,귤밭76번지,제주특별자치도 서귀포시 안덕면 병악로 76,"#체험관광 #아이 #맑음
#겨울 #체험 #어린이 #어트랙션"
168,당산봉,제주특별자치도 제주시 한경면 고산리 산 15,"#오름 #걷기/등산 #가을
#자연경관 #도보여행 #도보"
169,삼성혈,제주특별자치도 제주시 삼성로 22,"#문화유적지 #부모 #맑음
#우수관광사업체 #자연경관 #문화관광 #역사유적 #봄꽃 #벚꽃"
170,1100고지,제주특별자치도 서귀포시 1100로 1555,"#산 #경관/포토 #흐림
#겨울 #포토스팟 #한라산 #언택트 #어트랙션"
171,1100고지습지,제주특별자치도 서귀포시 색달동 산 1-2,"#산 #경관/포토 #흐림
#가을 #자연경관 #포토스팟 #한라산 #언택트"
172,레이저서바이벌M,제주특별자치도 제주시 신광로 58 4층,"#친구 #체험관광 #액티비티
#사계절 #체험 #레저/체험 #어트랙션"
173,물영아리오름,제주특별자치도 서귀포시 남원읍 태수로 552,"#일출 #오름 #걷기/등산
#흐림 #여름 #자연경관 #도보여행 #도보 #언택트"
174,민속자연사박물관,제주특별자치도 제주시 삼성로 40,"#실내 #미술/박물관 #아이
#비.눈 #겨울 #실내관광지 #문화관광 #박물관 #어트랙션"
175,법환포구,제주특별자치도 서귀포시 막숙포로37번길 2,"#포구 #일출 #해변
#문화유적지 #자연경관 #역사유적"
176,사계해안도로,제주특별자치도 서귀포시 안덕면 사계리,"#일출 #해변 #드라이브
#커플 #맑음 #가을 #자연경관"
177,서귀포항,제주특별자치도 서귀포시 칠십리로72번길 14,"#친구 #커플 #일출
#밤 #부모 #혼자 #아이 #맑음 #휴식/힐링 #일몰 #어린이"
178,소천지,제주특별자치도 서귀포시 칠십리로485번길 2,"#해변 #경관/포토 #가을
#자연경관 #포토스팟"
179,수월봉,제주특별자치도 제주시 한경면 고산리 3760,"#부모 #커플 #혼자
#친구 #아이 #맑음 #가을 #경관/포토 #일몰 #휴식/힐링 #자연경관 #포토스팟 #어린이 #언택트 #유네스코"
180,알작지해변,제주특별자치도 제주시 테우해안로 60,"#해변 #경관/포토 #커플
#가을 #자연경관 #포토스팟"
181,정물오름,제주특별자치도 제주시 한림읍 금악리 산 52-1,"#친구 #커플 #맑음
#일몰 #오름 #자연경관 #도보여행 #도보 #언택트 #억새"
182,제주베니스랜드[휴장중],제주특별자치도 서귀포시 성산읍 난산리 2575,"#테마공원 #아이 #가을
#어린이 #어트랙션"
183,제주커피박물관 바움 Baum,제주특별자치도 서귀포시 성산읍 서성일로1168번길 89-17,"#실내 #미술/박물관 #친구
#커플 #비.눈 #겨울 #실내관광지 #문화관광 #박물관 #어트랙션"
184,종달리해안도로,제주특별자치도 제주시 구좌읍 종달리 630-1,"#일출 #드라이브 #커플
#맑음 #여름"
185,터진목 & 성산면 4·3희생자 위령비,제주특별자치도 서귀포시 성산읍 일출로 88-19,"#4.3 #문화유적지 #문화관광
#제주4.3 #역사유적 #어트랙션"
186,표선세화해안도로,제주특별자치도 서귀포시 표선면 표선리,"#해변 #드라이브 #친구
#여름"
187,넥슨컴퓨터박물관,제주특별자치도 제주시 1100로 3198-8,"#우수관광사업체 #실내 #테마공원
#아이 #비.눈 #겨울 #실내관광지 #문화관광 #박물관 #어트랙션"
188,더마파크,제주특별자치도 제주시 한림읍 월림7길 155,"#승마 #실내 #액티비티
#아이 #맑음 #사계절 #체험 #레저/체험 #어린이 #테마공원 #어트랙션"
189,돈내코,제주특별자치도 서귀포시 516로 (상효동),"#폭포 #계곡 #액티비티
#부모 #아이 #맑음 #여름 #자연경관 #체험 #레저/체험 #어린이 #수상레저 #어트랙션"
190,서귀포자연휴양림,제주특별자치도 서귀포시 1100로 882,"#사계절 #휴양림 #걷기/등산
#휴식/힐링 #캠핑장 #야영장 #자연경관 #캠핑 #언택트 #단풍"
191,서귀포칠십리시공원,제주특별자치도 서귀포시 서홍동 576-9,"#휴식/힐링 #커플 #맑음
#봄 #매화"
192,점보빌리지,제주특별자치도 서귀포시 안덕면 평화로 319번길 31-11,"#실내 #테마공원 #아이
#사계절 #어린이 #어트랙션"
193,제주곶자왈도립공원,제주특별자치도 서귀포시 대정읍 에듀시티로 178,"#숲길 #걷기/등산 #커플
#흐림 #자연경관 #도보여행 #도보 #곶자왈 #숲 #어트랙션"
194,제주목관아,제주특별자치도 제주시 관덕로 25,"#문화유적지 #흐림 #맑음
#사계절 #실내관광지 #역사유적 #어트랙션"
195,추자도,제주특별자치도 제주시 추자면 추자도,"#경관/포토 #가을 #자연경관
#포토스팟"
196,한림해안도로,제주특별자치도 제주시 한림읍 귀덕리,"#커플 #친구 #드라이브
#올레 #자전거 #자연경관"
197,교래자연휴양림,제주특별자치도 제주시 조천읍 남조로 2023,"#휴양림 #걷기/등산 #휴식/힐링
#부모 #아이 #흐림 #여름 #자연경관 #단풍 #어린이"
198,금악오름,제주특별자치도 제주시 한림읍 금악리 산 1-1,"#일몰 #오름 #걷기/등산
#커플 #흐림 #가을 #금오름 #자연경관 #도보여행 #도보"
199,논짓물,제주특별자치도 서귀포시 하예동,"#커플 #혼자 #친구
#부모 #아이 #여름 #액티비티 #맑음 #자연경관 #체험 #레저/체험 #어린이"
200,북촌돌하르방미술관,제주특별자치도 제주시 조천읍 북촌서1길 70,"#테마공원 #부모 #친구
#커플 #아이 #맑음 #봄 #겨울 #실내관광지 #미술관 #문화관광 #어트랙션"
201,사계해변,제주특별자치도 서귀포시 안덕면 사계리,"#일출 #해변 #휴식/힐링
#커플 #맑음 #봄 #자연경관"
202,서귀포해안,제주특별자치도 서귀포시 서호동,"#커플 #친구 #맑음
#휴식/힐링 #해변 #자연경관"
203,연화못,제주특별자치도 제주시 애월읍 고하상로,#휴식/힐링 #여름 #자연경관
204,우도잠수함,제주특별자치도 서귀포시 성산읍 성산등용로 130-21,"#액티비티 #부모 #아이
#체험 #레저/체험 #어린이 #수상레저 #어트랙션"
205,제주다원 녹차미로공원,제주특별자치도 서귀포시 산록남로 1258,"#테마공원 #아이 #흐림
#봄 #어린이 #녹차 #어트랙션"
206,제주올레 10코스,제주특별자치도 서귀포시 대정읍 상모리 산 2-27,"#올레 #걷기/등산 #친구
#혼자 #봄 #가을 #자연경관 #도보여행 #도보"
207,제주올레 18코스,제주특별자치도 제주시 삼양1동 1131-2,"#올레 #걷기/등산 #친구
#혼자 #봄 #가을 #자연경관 #도보여행 #도보"
208,제주유리박물관,제주특별자치도 서귀포시 중산간서로 1403,"#밤 #실내 #미술/박물관
#친구 #아이 #흐림 #가을 #실내관광지 #문화관광 #박물관 #어트랙션"
209,판포포구,제주특별자치도 제주시 한경면 판포리 2877-3,"#포구 #해변 #문화유적지
#친구 #아이 #여름 #자연경관 #역사유적 #어린이"
210,가뫼물,제주특별자치도 서귀포시 남원읍 남위남성로 168,"#체험관광 #아이 #겨울
#감귤 #자연경관 #어린이 #어트랙션"
211,구엄리돌염전,제주특별자치도 제주시 애월읍 애월해안로 708,"#일몰 #해변 #문화유적지
#맑음 #가을 #자연경관 #역사유적 #어트랙션"
212,노루생태관찰원,제주특별자치도 제주시 명림로 520,"#액티비티 #아이 #흐림
#맑음 #자연경관 #체험 #레저/체험 #어린이 #어트랙션"
213,마라도성당,제주특별자치도 서귀포시 대정읍 마라로 153,"#실내 #휴식/힐링 #부모
#가을 #어트랙션"
214,물찻오름,제주특별자치도 제주시 조천읍 교래길,"#오름 #걷기/등산 #흐림
#여름 #자연경관 #도보여행 #도보"
215,상효원,제주특별자치도 서귀포시 산록남로 2847-37,"#수목원 #맑음 #봄
#우수관광사업체 #단풍 #어트랙션 #봄꽃 #벚꽃 #수국"
216,새섬,제주특별자치도 서귀포시 남성중로 40,"#경관/포토 #맑음 #자연경관
#섬속의섬 #포토스팟"
217,섶섬,제주특별자치도 서귀포시 마소물로,"#섬 #경관/포토 #휴식/힐링
#자연경관 #섬속의섬 #포토스팟"
218,제주올레 15-A코스,제주특별자치도 제주시 애월읍 납읍리 2695-5,"#커플 #혼자 #친구
#맑음 #경관/포토 #올레 #봄 #가을 #도보여행 #도보 #포토스팟"
219,제주올레 6코스,제주특별자치도 서귀포시 보목동 1377-4,"#부모 #커플 #혼자
#친구 #맑음 #경관/포토 #휴식/힐링 #체험관광 #올레 #사계절 #청년 #걷기/등산 #봄 #자연경관 #도보여행 #도보 #포토스팟 #어트랙션"
220,한라생태숲,제주특별자치도 제주시 516로 2596,"#부모 #커플 #혼자
#친구 #아이 #맑음 #휴식/힐링 #자연경관 #숲 #어린이"
221,건강과성박물관,제주특별자치도 서귀포시 안덕면 일주서로 1611,"#실내 #미술/박물관 #커플
#비.눈 #사계절 #실내관광지 #문화관광 #박물관 #어트랙션"
222,공천포,제주특별자치도 서귀포시 남원읍 신례리,"#해변 #문화유적지 #친구
#여름 #자연경관 #역사유적"
223,돈내코유원지,제주특별자치도 서귀포시 돈내코로 120,"#계곡 #액티비티 #아이
#맑음 #여름 #체험 #레저/체험 #어린이 #수상레저 #어트랙션"
224,렛츠런파크,제주특별자치도 제주시 애월읍 평화로 2144,"#승마 #액티비티 #아이
#맑음 #체험 #레저/체험 #어린이 #테마공원 #어트랙션"
225,문섬,제주특별자치도 서귀포시 칠십리로,"#부모 #커플 #혼자
#친구 #아이 #맑음 #경관/포토 #해변 #자연경관 #섬속의섬 #포토스팟 #어린이"
226,산방산탄산온천,제주특별자치도 서귀포시 안덕면 사계북로 41번길 192,"#실내 #휴식/힐링 #부모
#아이 #흐림 #겨울 #자연경관 #실내관광지 #어린이 #어트랙션"
227,세화해안도로,제주특별자치도 제주시 구좌읍 구좌로,"#해변 #드라이브 #커플
#맑음 #여름"
228,소정방폭포,제주특별자치도 서귀포시 칠십리로214번길 17-17,"#부모 #커플 #친구
#아이 #맑음 #경관/포토 #폭포 #자연경관 #포토스팟 #어린이"
229,신비의도로,제주특별자치도 제주시 1100로 2894-63,"#아이 #맑음 #자연경관
#어린이 #드라이브"
230,위미항,제주특별자치도 서귀포시 남원읍 위미중앙로196번길 6-13,"#해변 #여자 #남자
#맑음 #언택트"
231,제주별빛누리공원[제한적운영중],제주특별자치도 제주시 선돌목동길 60,"#밤 #테마공원 #아이
#겨울 #실내관광지 #어린이 #어트랙션"
232,제주센트럴파크,제주특별자치도 제주시 조천읍 비자림로 606,"#테마공원 #아이 #봄
#어린이"
233,제주올레 14코스,제주특별자치도 제주시 한림읍 월령리 산 9-15,"#올레 #걷기/등산 #친구
#혼자 #봄 #자연경관 #도보여행 #도보"
234,제주올레 5코스,제주특별자치도 서귀포시 남원읍 남태해안로 140,"#올레 #걷기/등산 #친구
#혼자 #맑음 #여름 #자연경관 #도보여행 #도보"
235,조천함덕해안도로,제주특별자치도 제주시 조천읍 조천8길 14-1,#일몰 #드라이브 #맑음
236,큰노꼬메오름,제주특별자치도 제주시 애월읍 유수암리 산 138,"#일몰 #오름 #걷기/등산
#봄 #자연경관 #도보여행 #도보"
237,금능석물원,제주특별자치도 제주시 한림읍 한림로 176,#테마공원 #실내관광지 #어트랙션
238,낙천리아홉굿의자마을,제주시 한경면 낙수로 97,"#휴식/힐링 #아이 #맑음
#가을 #문화관광 #마을산책 #마을관광 #어린이 #어트랙션"
239,도두항,제주특별자치도 제주시 도공로 2,"#부모 #커플 #혼자
#친구 #아이 #맑음 #휴식/힐링 #어린이"
240,신창풍차해안도로,제주특별자치도 제주시 한경면 신창리 1322-1,"#커플 #경관/포토 #해안도로
#커플스냅 #포토스팟 #드라이브"
241,오조포구,제주특별자치도 서귀포시 성산읍 오조리,"#포구 #일출 #해변
#문화유적지 #자연경관 #역사유적"
242,자구리공원,제주특별자치도 서귀포시 칠십리로 145,"#부모 #커플 #혼자
#친구 #아이 #맑음 #밤 #자연경관 #어린이"
243,전농로 서사라문화거리,제주특별자치도 제주시 서사로7길 27,"#꽃 #걷기/등산 #맑음
#봄 #문화관광 #어트랙션 #봄꽃 #벚꽃"
244,제주도립김창열미술관,제주특별자치도 제주시 한경면 용금로 883-5,"#미술/박물관 #저지예술인마을 #저지리
#예술 #실내관광지 #문화관광 #미술관 #어트랙션"
245,제주올레 1코스,제주특별자치도 서귀포시 성산읍 오조리 396-1,"#올레 #걷기/등산 #친구
#자연경관 #도보여행 #도보"
246,톨칸이,제주특별자치도 제주시 우도면 연평리 1732-1,"#커플 #친구 #혼자
#경관/포토 #해변 #자연경관 #포토스팟"
247,한림항,제주특별자치도 제주시 한림읍 한림해안로 192,#맑음
248,고내리포구,제주특별자치도 제주시 애월읍 고내리,"#부모 #커플 #혼자
#친구 #해변 #올레 #자연경관"
249,국립제주박물관,제주특별자치도 제주시 일주동로 17,"#실내 #미술/박물관 #친구
#비.눈 #겨울 #실내관광지 #문화관광 #박물관 #어트랙션"
250,그랑블루 요트투어,제주특별자치도 서귀포시 대포로 174,"#액티비티 #커플 #여름
#체험 #레저/체험 #수상레저 #어트랙션"
251,김녕금속공예벽화마을,제주특별자치도 제주시 구좌읍 김녕항3길 18-16,"#예술 #경관/포토 #문화유적지
#커플 #흐림 #가을 #문화관광 #역사유적 #마을산책 #마을관광 #포토스팟"
252,누웨마루거리,제주특별자치도 제주시 신광로 47,"#커플 #친구 #부모
#혼자 #아이 #사계절 #어린이 #어트랙션"
253,사라봉,제주특별자치도 제주시 사라봉동길 61,"#일몰 #일출 #오름
#걷기/등산 #친구 #겨울 #자연경관"
254,사라봉공원,제주특별자치도 제주시 사라봉동길 74 (건입동),"#커플 #친구 #일몰
#걷기 #자연경관"
255,서귀포천문과학문화관,제주특별자치도 서귀포시 1100로 506-1,"#밤 #실내 #미술/박물관
#겨울 #실내관광지 #어트랙션"
256,신창리포구,제주특별자치도 제주시 한경면 신창리,"#포구 #해변 #문화유적지
#커플 #자연경관 #역사유적"
257,영주산,제주특별자치도 서귀포시 표선면 번영로,"#일출 #오름 #걷기/등산
#자연경관 #수국"
258,저지 예술인 마을,제주특별자치도 제주시 한경면 저지14길 28-4,"#예술 #체험관광 #커플
#흐림 #가을 #문화관광 #마을산책 #마을관광 #어트랙션"
259,제주올레 17코스,제주특별자치도 제주시 도두1동 2612-1,"#올레 #걷기/등산 #친구
#혼자 #봄 #가을 #자연경관 #도보여행 #도보"
260,조랑말체험공원,제주특별자치도 서귀포시 표선면 녹산로 381-15,"#승마 #액티비티 #아이
#가을 #실내관광지 #체험 #레저/체험 #어린이 #어트랙션"
261,테디베어사파리 테지움,제주특별자치도 제주시 애월읍 평화로 2159,"#실내 #테마공원 #아이
#비.눈 #사계절 #우수관광사업체 #실내관광지 #어린이 #어트랙션"
262,화순금모래해수욕장,제주특별자치도 서귀포시 안덕면 화순해안로 91,"#해수욕장 #액티비티 #커플
#아이 #맑음 #여름 #자연경관 #체험 #레저/체험 #해변 #물놀이 #어린이 #수상레저"
263,곶자왈,제주특별자치도 서귀포시 대정읍 신평리,"#숲길 #걷기/등산 #친구
#흐림 #봄 #가을 #자연경관 #도보여행 #도보 #곶자왈 #숲"
264,그리스신화박물관 / 트릭아이미술관,제주특별자치도 제주시 한림읍 광산로 942,"#실내 #테마공원 #아이
#비.눈 #겨울 #실내관광지 #미술관 #문화관광 #박물관 #어트랙션"
265,대장금촬영지,제주특별자치도 서귀포시 표선면 민속해안로 631-34,"#커플 #친구 #부모
#경관/포토 #테마공원 #미술/박물관 #포토스팟"
266,두맹이골목,제주특별자치도 제주시 동문로16길 17-4,"#두멩이골목 #걷기/등산 #경관/포토
#흐림 #봄 #자연경관 #포토스팟"
267,성산오조리해안,제주특별자치도 거쉬포시 성산읍 한도로,"#해변 #경관/포토 #커플
#맑음 #겨울 #자연경관 #포토스팟"
268,안돌오름,제주특별자치도 제주시 구좌읍 송당리 산 66-2,"#부모 #커플 #혼자
#친구 #아이 #맑음 #오름 #자연경관 #도보여행 #도보 #어린이"
269,영실기암,제주특별자치도 서귀포시 하원동,"#부모 #커플 #혼자
#친구 #비.눈 #맑음 #경관/포토 #휴식/힐링 #테마공원 #액티비티 #사계절 #청년 #중/장년 #자연경관 #체험 #레저/체험 #포토스팟 #한라산 #언택트 #어트랙션 #단풍"
270,익스트림제주 카약올레,제주시 애월읍 애월로1길 22,"#액티비티 #커플 #맑음
#체험 #레저/체험 #수상레저 #어트랙션"
271,제주국제컨벤션센터 icc,제주특별자치도 서귀포시 중문관광로 224,"#실내 #친구 #비.눈
#사계절 #실내관광지 #어트랙션"
272,제주올레 9코스,제주특별자치도 서귀포시 안덕면 감산리 982-2,"#올레 #걷기/등산 #친구
#혼자 #맑음 #봄 #가을 #자연경관 #도보여행 #도보"
273,종달리해변,제주특별자치도 제주시 구좌읍 종달리 565-72,"#해변 #경관/포토 #친구
#커플 #맑음 #여름 #자연경관 #포토스팟"
274,천아숲길 천아계곡,제주특별자치도 제주시 애월읍 봉성리 산 1,"#숲길 #걷기/등산 #아이
#흐림 #봄 #단풍 #가을 #자연경관 #도보여행 #도보 #숲 #어린이 #언택트"
275,천왕사,제주특별자치도 제주시 1100로 2528-111,"#휴식/힐링 #가을 #단풍
#어트랙션"
276,청수곶자왈,제주특별자치도 제주시 한경면 대한로 1036,"#커플 #친구 #맑음
#여름 #밤 #숲길 #걷기 #도보여행 #도보 #곶자왈 #숲"
277,초콜릿박물관,제주특별자치도 서귀포시 대정읍 일주서로3000번길 144,"#실내 #미술/박물관 #아이
#비.눈 #겨울 #실내관광지 #문화관광 #박물관 #어트랙션"
278,해맞이해안로,제주특별자치도 제주시 구좌읍 김녕리,"#일출 #해변 #드라이브
#커플 #맑음 #자연경관"
279,김녕해안도로,제주특별자치도 제주시 구좌읍 김녕리,"#드라이브 #커플 #맑음
#여름 #자연경관"
280,도순다원,제주특별자치도 서귀포시 중산간서로356번길 152-41,"#경관/포토 #맑음 #봄
#자연경관 #포토스팟 #녹차 #어트랙션"
281,민오름(구좌읍),제주특별자치도 제주시 구좌읍 비자림로 1456,"#부모 #커플 #혼자
#친구 #아이 #오름 #자연경관 #도보여행 #도보 #어린이"
282,백조일손지묘,제주특별자치도 서귀포시 안덕면 사계리,"#문화유적지 #자연경관 #문화관광
#역사유적"
283,별도봉,제주특별자치도 제주시 선반로 (화북일동),"#오름 #걷기/등산 #봄
#자연경관"
284,별방진,제주특별자치도 제주시 구좌읍 하도리 3354,"#문화유적지 #맑음 #자연경관
#문화관광 #역사유적 #봄꽃 #유채꽃"
285,비체올린,제주시 한경면 판조로 253-6,"#야영장 #캠핑장 #액티비티
#아이 #맑음 #체험 #레저/체험 #어린이 #수상레저 #캠핑 #언택트 #어트랙션"
286,순례자의교회,제주특별자치도 제주시 한경면 일주서로 3960-24,#휴식/힐링 #가을 #어트랙션
287,신화테마파크,서귀포시 안덕면 신화역사로304번길 98,"#테마공원 #맑음 #아이
#실내관광지 #어린이 #어트랙션"
288,아라리오뮤지엄탑동시네마,제주특별자치도 제주시 삼도2동 1261-8,"#실내 #미술/박물관 #비.눈
#사계절 #실내관광지 #문화관광 #어트랙션"
289,용두암해안도로카페거리,제주특별자치도 제주시 용담3동,"#일몰 #밤 #커플
#드라이브"
290,이승이오름,제주특별자치도 서귀포시 남원읍 신례리 산 12-19,"#오름 #자연경관 #도보여행
#도보"
291,저지오름,제주특별자치도 제주시 한경면 저지리 산 51,"#일몰 #오름 #걷기/등산
#자연경관 #도보여행 #도보"
292,제주올레 19코스,제주특별자치도 제주시 조천읍 조천리 1142,"#올레 #걷기/등산 #친구
#혼자 #봄 #가을 #도보여행 #도보"
293,제주올레 20코스,제주특별자치도 제주시 구좌읍 행원동길 22,"#올레 #걷기/등산 #친구
#혼자 #봄 #가을 #자연경관 #도보여행 #도보"
294,제주올레 4코스,제주특별자치도 서귀포시 남원읍 태흥리 200-2,"#올레 #걷기/등산 #친구
#가을 #자연경관 #도보여행 #도보"
295,중문골프장,제주특별자치도 서귀포시 중문관광로72번길 60 (색달동),"#친구 #부모 #맑음
#체험관광 #액티비티 #커플 #골프 #체험 #레저/체험 #어트랙션"
296,진아영 할머니 집터,제주특별자치도 제주시 한림읍 월령1길 22,"#문화유적지 #4.3 #문화관광
#제주4.3 #역사유적 #어트랙션"
297,탐나라공화국,제주특별자치도 제주시 한림읍 한창로 897,"#여자 #남자 #휴식
#맑음 #가을 #문화관광 #언택트 #어트랙션"
298,협재굴,제주특별자치도 제주시 한림읍 한림로 300,"#동굴 #경관/포토 #부모
#흐림 #자연경관 #포토스팟"
299,화순곶자왈생태탐방숲길,제주특별자치도 서귀포시 안덕면 화순서동로 151,"#숲길 #걷기/등산 #친구
#커플 #흐림 #여름 #자연경관 #도보여행 #도보 #곶자왈 #숲"
300,화순리 유채꽃길,제주특별자치도 서귀포시 안덕면 화순리 1230-4,"#걷기/등산 #경관/포토 #친구
#맑음 #봄 #자연경관 #도보여행 #도보 #포토스팟 #봄꽃 #유채꽃"
301,강정천유원지,제주특별자치도 서귀포시 강정통물로 (강정동),"#계곡 #액티비티 #맑음
#여름 #자연경관 #체험 #레저/체험 #수상레저 #어트랙션"
302,구좌해안로,제주특별자치도 제주시 구좌읍 구좌해안로,"#해변 #걷기/등산 #드라이브
#맑음"
303,김녕요트투어,제주특별자치도 제주시 구좌읍 구좌해안로 229-16,"#액티비티 #커플 #여름
#체험 #레저/체험 #수상레저 #어트랙션"
304,도두해안도로,제주특별자치도 제주시 도두2동 706-3,"#드라이브 #커플 #맑음
#여름"
305,두산봉,제주특별자치도 서귀포시 성산읍 시흥리 산 1-5,"#커플 #친구 #일출
#봄 #오름 #자연경관 #도보여행 #도보"
306,"마라도등대[내부공사중, 관람불가]",제주특별자치도 서귀포시 대정읍 가파리 642,#등대 #경관/포토 #포토스팟
307,무릉곶자왈,제주특별자치도 서귀포시 대정읍 무릉리 산 1,"#숲길 #걷기/등산 #흐림
#가을 #자연경관 #도보여행 #도보 #곶자왈 #숲 #언택트"
308,문화예술마을 저지리 농어촌체험마을,제주시 한경면 중산간서로 3675,"#체험관광 #친구 #커플
#흐림 #사계절 #체험 #마을산책 #마을관광 #어트랙션"
309,빌레못동굴,제주특별자치도 제주시 애월읍 어음리 1391,"#4.3 #문화유적지 #부모
#커플 #혼자 #친구 #아이 #청년 #중/장년 #노년 #자연경관 #문화관광 #제주4.3 #역사유적 #어린이"
310,사려니오름,제주특별자치도 서귀포시 남원읍 516로 1648-87,"#오름 #걷기/등산 #커플
#흐림 #봄 #자연경관 #도보여행 #도보 #단풍"
311,산지천,제주특별자치도 제주시 건입동,"#계곡 #걷기/등산 #아이
#자연경관 #어린이"
312,생이기정,제주특별자치도 제주시 한경면 용수리 산 60,"#일몰 #해변 #걷기/등산
#맑음 #가을 #자연경관"
313,서건도,제주특별자치도 서귀포시 강정동 산 1,"#경관/포토 #휴식/힐링 #자연경관
#포토스팟 #언택트"
314,서커스월드공연장,제주특별자치도 서귀포시 안덕면 동광로 214,"#실내 #테마공원 #부모
#아이 #흐림 #실내관광지 #어린이 #어트랙션"
315,성읍녹차마을,제주특별자치도 서귀포시 표선면 중산간동로 4778,"#부모 #커플 #친구
#아이 #경관/포토 #마을산책 #마을관광 #포토스팟 #어린이 #녹차"
316,송당본향당,제주특별자치도 제주시 구좌읍 송당리,"#부모 #커플 #혼자
#친구 #아이 #문화유적지 #자연경관 #문화관광 #역사유적 #어린이"
317,쉬리의언덕,제주특별자치도 서귀포시 중문관광로72번길 114,"#커플 #혼자 #친구
#부모 #맑음 #해변 #휴식/힐링 #경관/포토 #포토스팟"
318,싱계물 공원,제주 제주시 한경면 신창리 1322-1,#싱계물공원 #자연경관
319,엉알해안,제주특별자치도 제주시 한경면 고산리 3427-33,"#해변 #경관/포토 #커플
#맑음 #여름 #자연경관 #포토스팟"
320,엉알해안산책로,제주특별자치도 제주시 한경면 노을해안로 1143,"#일몰 #해변 #걷기/등산
#커플 #맑음 #가을 #자연경관"
321,원당봉,제주특별자치도 제주시 원당로16길 16-30,"#일출 #오름 #걷기/등산
#자연경관"
322,월평포구,제주특별자치도 서귀포시 말질로 462,"#포구 #해변 #문화유적지
#맑음 #자연경관 #역사유적"
323,이호테우해수욕장,제주특별자치도 제주시 도리로 20,"#경관/포토 #휴식/힐링 #여름
#일몰 #해변 #해수욕장 #자연경관 #물놀이 #포토스팟"
324,장전리 벚꽃축제길,제주특별자치도 제주시 애월읍 광상로 403,"#걷기/등산 #경관/포토 #커플
#맑음 #봄 #봄꽃 #도보여행 #도보 #포토스팟 #어트랙션 #벚꽃"
325,제주추사관,제주특별자치도 서귀포시 대정읍 추사로 44,"#미술/박물관 #흐림 #겨울
#실내관광지 #어트랙션"
326,제주하늘을날다,제주특별자치도 제주시 도남로17길 32 영산홍아파트 가동,"#액티비티 #친구 #맑음
#체험 #레저/체험 #어트랙션"
327,제지기오름,제주특별자치도 서귀포시 보목동 275-1,"#일출 #오름 #걷기/등산
#가을 #자연경관 #도보여행 #도보"
328,조함해안도로,제주특별자치도 제주시 조천읍 조천리 3037-3,"#친구 #커플 #드라이브
#부모 #혼자 #아이 #맑음 #자연경관 #어린이"
329,종달리전망대,제주특별자치도 제주시 구좌읍 해맞이해안로 2196,"#일출 #해변 #경관/포토
#맑음 #자연경관 #포토스팟"
330,큰사슴이오름,제주특별자치도 서귀포시 표선면 중산간동로,"#일출 #오름 #걷기/등산
#봄 #자연경관 #도보여행 #도보"
331,형제해안도로,제주특별자치도 서귀포시 대정읍 상모리 1649-1,"#해변 #드라이브 #맑음
#가을"
332,5.16도로숲터널,제주특별자치도 서귀포시 남원읍 신례리 산 2-1,"#드라이브 #맑음 #자연경관
#숲 #단풍"
333,거슨새미오름,제주특별자치도 제주시 구좌읍 송당리 산 145,"#혼자 #커플 #친구
#오름 #가을 #맑음 #자연경관 #도보여행 #도보"
334,걸매생태공원,제주특별자치도 서귀포시 남성로 (서홍동),"#폭포 #계곡 #휴식/힐링
#맑음 #가을 #자연경관 #동백 #매화"
335,검멀레동굴,제주특별자치도 제주시 우도면,"#경관/포토 #친구 #커플
#부모 #아이 #맑음 #동굴 #자연경관 #포토스팟 #어린이"
336,공천포구,제주특별자치도 서귀포시 남원읍 신례리,"#커플 #친구 #경관/포토
#해변 #부모 #혼자 #아이 #맑음 #자연경관 #포토스팟 #어린이"
337,그제바람 윈드서핑패들보드,제주특별자치도 제주시 선사로8길 13-4,"#체험관광 #체험 #waterleisure
#수상레저 #어트랙션"
338,김만덕객주,제주특별자치도 제주시 임항로 68,"#부모 #커플 #친구
#혼자 #흐림 #맑음 #문화유적지 #실내관광지 #문화관광 #역사유적 #어트랙션"
339,꽃썸,서귀포시 안덕면 동광로 151,"#해변 #카페 #포토스팟
#휴식 #부모 #친구 #커플 #혼자 #안개/흐림 #맑음 #봄 #여름 #가을 #겨울 #중/장년 #청년 #노년 #어트랙션"
340,낙타트래킹,제주특별자치도 서귀포시 표선면 번영로 2564-21,"#액티비티 #친구 #커플
#체험 #레저/체험 #어트랙션"
341,높은오름,제주특별자치도 제주시 구좌읍 송당리 산 213-1,"#부모 #커플 #혼자
#친구 #아이 #맑음 #오름 #자연경관 #도보여행 #도보 #어린이"
342,다랑쉬굴,제주특별자치도 제주시 구좌읍 세화리 2608-6,"#4.3 #문화유적지 #문화관광
#제주4.3 #역사유적 #어트랙션"
343,단산,제주특별자치도 서귀포시 안덕면 향교로 165-23,"#부모 #커플 #혼자
#친구 #경관/포토 #오름 #도보여행 #도보 #포토스팟"
344,답다니탑망대,제주특별자치도 제주시 우도면 연평리 798,"#등대 #경관/포토 #맑음
#포토스팟 #어트랙션 #수국"
345,대한민국최남단기념비/ 마라도 기념비,제주특별자치도 서귀포시 대정읍 마라로 131,"#경관/포토 #부모 #커플
#혼자 #친구 #아이 #마라도 #포토스팟 #어린이 #어트랙션"
346,돔베낭골,제주특별자치도 서귀포시 호근동,"#해변 #휴식/힐링 #맑음
#여름 #자연경관"
347,동거문이오름,제주특별자치도 제주시 구좌읍 종달리 산 70,"#오름 #걷기/등산 #자연경관
#도보여행 #도보"
348,라온승마클럽,제주특별자치도 제주시 한림읍 월림7길 155,"#승마 #액티비티 #커플
#체험 #레저/체험 #어트랙션"
349,명월성지,제주특별자치도 제주시 한림읍 명월리 2236,"#문화유적지 #문화관광 #역사유적
#언택트 #어트랙션"
350,민오름(봉개동),제주특별자치도 제주시 칠오름길 (봉개동),"#오름 #걷기/등산 #자연경관
#도보여행 #도보"
351,보목포구,제주특별자치도 서귀포시 보목포로 46,"#맑음 #해변 #친구
#부모 #커플 #혼자 #아이 #자연경관 #어린이"
352,북오름,제주특별자치도 서귀포시 안덕면 동광리 산 94,"#부모 #커플 #혼자
#친구 #아이 #오름 #자연경관 #도보여행 #도보 #어린이"
353,붉은오름(표선면),제주특별자치도 서귀포시 표선면 남조로 1487-73,"#부모 #커플 #혼자
#친구 #맑음 #오름 #사계절 #자연경관 #도보여행 #도보 #단풍"
354,산지등대,제주특별자치도 제주시 사라봉동길 108-1 (건입동),"#등대 #일몰 #경관/포토
#친구 #맑음 #가을 #포토스팟"
355,서귀다원,제주특별자치도 서귀포시 상효동 산 118,"#커플 #친구 #맑음
#경관/포토 #휴식/힐링 #봄 #여름 #자연경관 #포토스팟 #녹차 #어트랙션"
356,성읍랜드,제주특별자치도 서귀포시 표선면 번영로 2650,"#커플 #친구 #아이
#맑음 #액티비티 #실내관광지 #체험 #레저/체험 #어린이 #어트랙션"
357,세계조가비박물관,제주특별자치도 서귀포시 태평로 284,"#실내 #미술/박물관 #아이
#비.눈 #사계절 #우수관광사업체 #실내관광지 #문화관광 #박물관 #어트랙션"
358,송당승마장,제주특별자치도 제주시 구좌읍 번영로 2015,"#승마 #액티비티 #커플
#친구 #체험 #레저/체험 #어트랙션"
359,송악산 진지동굴,제주특별자치도 서귀포시 대정읍 상모리,"#부모 #커플 #혼자
#친구 #아이 #문화유적지 #동굴 #자연경관 #문화관광 #역사유적 #어린이"
360,애월 한담 카약,제주 제주시 애월읍 애월로1길 25,"#해수욕장 #액티비티 #커플
#맑음 #여름 #체험 #레저/체험 #해변 #물놀이 #수상레저 #어트랙션"
361,액티브파크,제주특별자치도 제주시 한림읍 금능남로 76,"#체험관광 #사계절 #아이
#실내관광지 #체험 #어린이 #테마공원 #어트랙션"
362,어리목계곡,제주특별자치도 제주시 1100로 2070-61,"#비.눈 #가을 #사계절
#겨울 #자연경관 #한라산 #언택트"
363,엉덩물계곡,제주특별자치도 서귀포시 중문관광로 192,"#부모 #커플 #혼자
#친구 #아이 #맑음 #봄 #올레 #계곡 #자연경관 #어린이 #어트랙션 #봄꽃 #유채꽃"
364,용담레포츠공원,제주특별자치도 제주시 서해안로 580,"#해변 #액티비티 #친구
#맑음 #여름 #체험 #레저/체험 #어트랙션"
365,우도봉 풍경,제주특별자치도 제주시 우도면 연평리 1,"#일출 #오름 #경관/포토
#맑음 #자연경관 #포토스팟"
366,월정리해안도로,제주특별자치도 제주시 구좌읍 월정리 652-4,"#해변 #드라이브 #커플
#맑음 #여름 #자연경관"
367,자구내포구,제주특별자치도 제주시 한경면 고산리,"#부모 #커플 #혼자
#아이 #친구 #맑음 #휴식/힐링 #경관/포토 #문화유적지 #포구 #역사유적 #포토스팟 #어린이"
368,제주 삼양동 유적,제주특별자치도 제주시 선사로2길 13 (삼양일동),"#아이 #문화유적지 #체험관광
#전시와행사 #실내관광지 #역사유적 #어트랙션"
369,제주돌마을공원,제주특별자치도 제주시 한림읍 금능남로 421,"#부모 #커플 #혼자
#테마공원 #실내관광지 #마을산책 #마을관광 #어트랙션"
370,제주세계자연유산센터,제주특별자치도 제주시 조천읍 선교로 569-36(선흘리 478),"#흐림 #가을 #실내관광지
#어트랙션 #유네스코"
371,제주실탄사격장,제주특별자치도 서귀포시 소보리당로 164번길 62(상예동),"#실내 #액티비티 #친구
#커플 #비.눈 #겨울 #실내관광지 #체험 #레저/체험 #어트랙션"
372,제주올레 3코스,제주특별자치도 서귀포시 표선면 하천리 87-1,"#올레 #중/장년 #청년
#부모 #커플 #혼자 #친구 #맑음 #비.눈 #경관/포토 #휴식/힐링 #체험관광 #자연경관 #도보여행 #도보 #포토스팟 #어트랙션"
373,청초밭영농조합법인,제주특별자치도 서귀포시 표선면 성읍이리로57번길 34,"#청초밭 #녹차밭 #삼나무길
#동백나무 #체험 #도보여행 #도보 #녹차 #어트랙션"
374,큰넓궤,제주특별자치도 서귀포시 안덕면 동광리 90 일대,"#4.3 #문화유적지 #자연경관
#문화관광 #제주4.3 #역사유적 #어트랙션"
375,탑동해변공연장,제주특별자치도 제주시 중앙로 2,"#부모 #커플 #혼자
#친구 #아이 #맑음 #여름 #해변 #어린이 #어트랙션"
376,포레스트 판타지아,서귀포시 안덕면 일주서로 1836,"#테마공원 #맑음 #문화관광
#어트랙션"
377,하도리 철새도래지,제주특별자치도 제주시 구좌읍 하도리 53-2,"#해변 #경관/포토 #맑음
#자연경관 #포토스팟"
378,협재포구,제주특별자치도 제주시 한림읍 협재리,"#친구 #커플 #맑음
#해변 #포구 #자연경관"
379,황우지해안 열두굴,제주특별자치도 서귀포시 서홍동 764-1,"#문화유적지 #해변 #커플
#친구 #맑음 #자연경관 #역사유적"
380,고산일과해안도로,제주특별자치도 서귀포시 대정읍 영락하동로 9-6,"#일몰 #해변 #드라이브
#커플 #맑음"
381,곽지해수욕장야영장,제주특별자치도 제주시 애월읍 곽지리 1565,"#야영장 #캠핑장 #해수욕장
#액티비티 #아이 #맑음 #자연경관 #체험 #레저/체험 #해변 #물놀이 #어린이 #수상레저 #캠핑 #언택트 #어트랙션"
382,그린크루즈,제주특별자치도 서귀포시 안덕면 화순해안로106번길 16,"#경관/포토 #부모 #맑음
#봄 #포토스팟"
383,낙선동 4.3성,제주특별자치도 제주시 조천읍 선흘서5길 13,"#문화유적지 #4.3 #문화관광
#제주4.3 #역사유적 #어트랙션"
384,노을해안로,제주특별자치도 서귀포시 대정읍 노을해안로 24,"#일몰 #해변 #걷기/등산
#혼자 #가을 #자연경관"
385,다끄네포구,제주특별자치도 제주시 용담3동,"#커플 #혼자 #친구
#문화유적지 #해변 #포구 #자연경관 #역사유적"
386,다이나믹메이즈,제주특별자치도 서귀포시 표선면 번영로 2644,"#실내 #테마공원 #아이
#비.눈 #겨울 #우수관광사업체 #실내관광지 #체험 #레저/체험 #어린이 #어트랙션"
387,당오름,제주특별자치도 제주시 구좌읍 송당리 산 199-1,"#커플 #친구 #혼자
#맑음 #오름 #자연경관 #도보여행 #도보"
388,당오름(한경면),제주특별자치도 제주시 한경면 용수리 산 18,"#오름 #걷기/등산 #맑음
#가을 #자연경관 #도보여행 #도보"
389,대수산봉,제주특별자치도 서귀포시 성산읍 서성일로1168번길 89-17,"#부모 #아이 #친구
#커플 #혼자 #맑음 #오름 #자연경관 #도보여행 #도보 #어린이"
390,대정해변,제주특별자치도 서귀포시 대정읍 하모리,"#커플 #친구 #아이
#맑음 #해변 #자연경관 #어린이"
391,대포포구,제주특별자치도 서귀포시 대포로,"#포구 #해변 #문화유적지
#자연경관 #역사유적"
392,동산농원 딸기체험장,제주특별자치도 제주시 한경면 저지리 1448-2,"#친구 #아이 #커플
#실내 #체험관광 #체험 #어린이 #어트랙션"
393,둔지봉,제주특별자치도 제주시 구좌읍 한동리 산 40,#오름 #걷기/등산 #자연경관
394,라온골프클럽,제주특별자치도 제주시 한경면 용금로 998,"#커플 #친구 #액티비티
#골프 #체험 #레저/체험 #어트랙션"
395,마라도관광쉼터,제주특별자치도 서귀포시 대정읍 마라로 139,#부모 #어트랙션
396,마복이오름,제주특별자치도 서귀포시 안덕면 산록남로 863,"#오름 #걷기/등산 #자연경관
#도보여행 #도보"
397,마원,제주특별자치도 제주시 조천읍 선흘남4길 264-17,"#부모 #커플 #친구
#아이 #맑음 #액티비티 #체험 #레저/체험 #어린이 #어트랙션"
398,모구리오름,제주특별자치도 서귀포시 성산읍 서성일로 260,"#오름 #걷기/등산 #자연경관
#도보여행 #도보"
399,모지오름,제주특별자치도 서귀포시 표선면 성읍리 산 22,"#혼자 #친구 #맑음
#경관/포토 #휴식/힐링 #액티비티 #오름 #사계절 #자연경관 #체험 #도보여행 #도보 #레저/체험 #포토스팟 #어트랙션"
400,미악산,제주특별자치도 서귀포시 인정오름로 387-63,"#부모 #커플 #혼자
#친구 #아이 #맑음 #오름 #자연경관 #도보여행 #도보 #어린이"
401,민오름(조천읍),제주특별자치도 제주시 조천읍 선흘리 산 141,"#부모 #커플 #혼자
#경관/포토 #휴식/힐링 #액티비티 #오름 #청년 #중/장년 #휴식/치유 #자연경관 #체험 #도보여행 #도보 #레저/체험 #포토스팟"
402,방림원,제주특별자치도 제주시 한경면 용금로 864,#휴식/힐링 #우수관광사업체 #자연경관
403,법화사지,제주특별자치도 서귀포시 하원북로35번길 15-28,"#부모 #커플 #혼자
#아이 #경관/포토 #휴식/힐링 #문화유적지 #중/장년 #휴식/치유 #노년 #역사유적 #포토스팟 #어린이"
404,북촌국민학교,제주특별자치도 제주시 조천읍 일주동로 1481,"#문화유적지 #문화관광 #역사유적
#어트랙션"
405,비양도등대,제주특별자치도 제주시 한림읍 비양도길 84비양도,"#등대 #경관/포토 #맑음
#봄 #포토스팟"
406,"빛의 벙커 '모네, 르누아르... 샤갈' 전",제주특별자치도 서귀포시 성산읍 서성일로1168번길 89-17,"#부모 #커플 #혼자
#친구 #아이 #사계절 #미술 #아트 #미디어아트 #축제 #행사"
407,산천단,제주특별자치도 제주시 아라1동 392-3,"#휴식/힐링 #문화유적지 #사계절
#자연경관 #역사유적"
408,삼화포구,제주특별자치도 제주시 서흘1길 26,"#포구 #해변 #문화유적지
#자연경관 #역사유적"
409,서광승마장,제주특별자치도 서귀포시 안덕면 녹차분재로 239,"#승마 #액티비티 #친구
#커플 #체험 #레저/체험 #어트랙션"
410,석부작박물관,제주특별자치도 서귀포시 일주동로 8941 (호근동),"#테마공원 #비.눈 #흐림
#사계절 #우수관광사업체 #실내관광지 #문화관광 #박물관 #언택트 #어트랙션"
411,성산포항,서귀포시 성산읍 성산등용로 130-21,"#해변 #맑음 #자연경관
#어트랙션"
412,쇠와꽃 승마장,제주특별자치도 서귀포시 성산읍 섭지코지로25번길 88-17,"#커플 #친구 #아이
#맑음 #액티비티 #승마 #체험 #레저/체험 #어린이 #어트랙션"
413,숫모르편백나무숲길,제주특별자치도 제주시 516로 2596,"#숲길 #걷기/등산 #흐림
#봄 #체험 #도보여행 #도보 #숲"
414,쉼터마을 유수암리 농어촌체험마을,제주특별자치도 제주시 애월읍 유수암평화길 14,"#체험관광 #아이 #흐림
#사계절 #체험 #마을산책 #마을관광 #어린이 #어트랙션"
415,아이스뮤지엄,제주특별자치도 제주시 은수길 69,"#실내 #테마공원 #아이
#비.눈 #사계절 #실내관광지 #어린이 #어트랙션"
416,아프리카박물관,제주특별자치도 서귀포시 이어도로 49,"#실내 #미술/박물관 #아이
#비.눈 #겨울 #우수관광사업체 #실내관광지 #문화관광 #박물관 #어트랙션"
417,알진오름,제주특별자치도 제주시 구좌읍 송당리 880-1,"#커플 #친구 #맑음
#부모 #혼자 #아이 #오름 #자연경관 #도보여행 #도보 #어린이"
418,약천사 템플스테이,제주특별자치도 서귀포시 이어도로 293-28 (대포동),"#템플스테이 #휴식/힐링 #커플
#흐림 #사계절 #실내관광지 #체험 #어트랙션"
419,올레여행자센터,제주특별자치도 서귀포시 중정로 22,"#커플 #혼자 #친구
#올레 #도보여행 #도보 #어트랙션"
420,절물오름,제주특별자치도 제주시 명림로 584 일대,"#오름 #걷기/등산 #친구
#커플 #봄 #자연경관 #도보여행 #도보"
421,제주 메이 더 호텔 카라반빌리지,제주특별자치도 제주시 구좌읍 일주동로 1626,"#호텔 #숙소 #가족호텔
#수영장 #매점 #조식 #주방기구 #바비큐 #연회장"
422,제주빅볼랜드,제주특별자치도 제주시 애월읍 산록서로 15,"#액티비티 #아이 #맑음
#가을 #체험 #레저/체험 #어린이 #어트랙션"
423,제주올레 1-1코스,제주특별자치도 제주시 우도면 연평리 2473-1,"#커플 #혼자 #친구
#맑음 #봄 #가을 #올레 #자연경관 #도보여행 #도보"
424,제주올레 11코스,제주특별자치도 서귀포시 대정읍 동일리 3168,"#올레 #걷기/등산 #친구
#혼자 #봄 #가을 #자연경관 #도보여행 #도보"
425,제주올레 14-1코스,제주특별자치도 서귀포시 안덕면 서광리 산 50-22,"#올레 #걷기 #친구
#혼자 #봄 #자연경관 #도보여행 #도보"
426,제주올레 16코스,제주특별자치도 제주시 애월읍 고내리 1111-2,"#올레 #걷기/등산 #친구
#혼자 #가을 #자연경관 #도보여행 #도보"
427,제주올레 21코스,제주특별자치도 제주시 구좌읍 하도리 3204-1,"#올레 #걷기/등산 #친구
#혼자 #봄 #가을 #자연경관 #도보여행 #도보"
428,제주올레 2코스,제주특별자치도 서귀포시 성산읍 고성리 2563-3,"#올레 #걷기/등산 #친구
#봄 #가을 #자연경관 #도보여행 #도보"
429,초콜릿랜드,제주특별자치도 서귀포시 중문관광로110번길 15,"#실내 #테마공원 #아이
#비.눈 #겨울 #사계절 #실내관광지 #어린이 #어트랙션"
430,추사 유배길 - 3코스 사색의 길,제주특별자치도 서귀포시 안덕면 향교로 165-17,"#걷기/등산 #봄 #가을
#문화관광 #도보여행 #도보 #어트랙션"
431,추사적거지,제주특별자치도 서귀포시 대정읍 추사로 44,"#친구 #아이 #문화유적지
#문화관광 #역사유적 #어린이 #어트랙션"
432,클럽나인브릿지,제주특별자치도 서귀포시 안덕면 광평로 34-156,"#골프 #액티비티 #체험
#레저/체험 #어트랙션"
433,태흥포구,제주특별자치도 서귀포시 남원읍 태흥리,"#부모 #커플 #혼자
#친구 #휴식/힐링 #해변 #자연경관"
434,토끼섬,제주특별자치도 제주시 구좌읍 하도리,"#도보 #휴식 #부모
#친구 #커플 #혼자 #안개/흐림 #맑음 #봄 #여름 #가을 #겨울 #중/장년 #청년 #노년 #자연경관 #섬속의섬"
435,하멜기념비,제주특별자치도 서귀포시 안덕면 사계리 112-3,"#문화유적지 #가을 #문화관광
#역사유적"
436,하예포구,제주특별자치도 서귀포시 하예동,"#포구 #해변 #문화유적지
#여름 #자연경관 #역사유적"
437,화순금모래해수욕장담수수영장,제주특별자치도 서귀포시 안덕면 화순리 776-8,"#해수욕장 #액티비티 #친구
#커플 #아이 #맑음 #여름 #체험 #레저/체험 #해변 #물놀이 #어린이 #어트랙션"
438,화조원,제주특별자치도 제주시 애월읍 애원로 804,"#아이 #동물 #체험
#실내관광지 #어린이 #어트랙션 #어린이동물농장"
439,1112도로,제주특별자치도 제주시 명림로 584 (봉개동),"#산 #드라이브 #흐림
#자연경관"
440,9.81 파크,제주특별자치도 제주시 애월읍 천덕로 880-24,"#어린이 #레이싱 #서바이벌
#실내놀이터 #가족 #애월 #테마파크 #액티비티 #실내관광지 #체험 #레저/체험 #테마공원 #어트랙션"
441,M1971 요트투어,제주특별자치도 서귀포시 대정읍 최남단해안로 128,"#체험관광 #경관/포토 #휴식/힐링
#체험 #포토스팟 #waterleisure #수상레저 #어트랙션"
442,가파도 마라도 정기여객선,제주특별자치도 서귀포시 대정읍 최남단해안로 120,#아름다운섬나라 #어트랙션
443,개오름,제주특별자치도 서귀포시 표선면 성읍이리로57번길 162,"#커플 #친구 #혼자
#맑음 #오름 #자연경관 #도보여행 #도보"
444,고내봉,제주특별자치도 제주시 애월읍 고내리 산 3-1,"#오름 #걷기/등산 #맑음
#봄 #자연경관 #도보여행 #도보"
445,곤흘동,제주특별자치도 제주시 화북1동 4438,"#4.3 #문화유적지 #문화관광
#제주4.3 #역사유적 #마을산책 #마을관광 #어트랙션"
446,구좌 하도어촌계,제주특별자치도 제주시 구좌읍 해맞이해안로 1897-27,"#경관/포토 #체험관광 #액티비티
#바릇잡이 #낚시 #체험 #레저/체험 #포토스팟 #어트랙션"
447,귀덕연대,제주특별자치도 제주시 한림읍 귀덕14길 14-5,"#문화유적지 #봄 #문화관광
#역사유적"
448,귀빈사,제주특별자치도 제주시 구좌읍 비자림로 1456,"#실내 #문화유적지 #흐림
#봄 #문화관광 #역사유적 #어트랙션"
449,"그대, 나의 뮤즈 : 클림트 to 마티스",제주특별자치도 서귀포시 안덕면 신화역사로304번길 38 제주신화월드 서머셋클럽하우스,"#부모 #커플 #미술/박물관
#사계절 #전시와행사 #문화관광 #어트랙션"
450,금능포구,제주특별자치도 제주시 한림읍 금능리,"#포구 #해변 #문화유적지
#아이 #자연경관 #역사유적 #어린이"
451,김녕해수욕장야영장,제주특별자치도 제주시 구좌읍 해맞이해안로 7-6,"#해수욕장 #해변 #액티비티
#아이 #여름 #야영장 #캠핑장 #자연경관 #체험 #레저/체험 #물놀이 #어린이 #수상레저 #캠핑 #언택트 #어트랙션"
452,김만덕기념관,제주특별자치도 제주시 산지로 7,"#실내 #미술/박물관 #친구
#비.눈 #겨울 #문화관광 #어트랙션"
453,납읍난대림 금산공원,제주특별자치도 제주시 애월읍 납읍리 14 57,"#걷기/등산 #흐림 #여름
#자연경관"
454,노을승마장,제주특별자치도 제주시 우도면 우도해안길 406-1,"#승마 #액티비티 #체험
#레저/체험 #어트랙션"
455,노을해안1014,제주특별자치도 제주시 한경면 노을해안로 1014,"#액티비티 #체험관광 #체험
#레저/체험 #어트랙션"
456,당케산물,제주특별자치도 서귀포시 표선면 표선당포로,"#포구 #해변 #문화유적지
#자연경관 #역사유적"
457,대정향교,제주특별자치도 서귀포시 안덕면 향교로 165-17,"#문화유적지 #흐림 #겨울
#자연경관 #문화관광 #역사유적"
458,도치돌 알파카목장,제주특별자치도 제주시 애월읍 도치돌길 293,"#아이 #커플 #맑음
#흐림 #휴식/힐링 #체험관광 #사계절 #자연경관 #체험 #어린이 #어트랙션"
459,동일리포구,제주특별자치도 서귀포시 대정읍 동일리,"#포구 #해변 #문화유적지
#자연경관 #역사유적"
460,돛오름,제주특별자치도 제주시 구좌읍 송당리 산 3,"#오름 #걷기/등산 #자연경관
#도보여행 #도보"
461,뒤굽은이오름,제주특별자치도 제주시 구좌읍 중산간동로 1989-3,"#커플 #친구 #맑음
#오름 #자연경관 #도보여행 #도보"
462,막숙,제주특별자치도 서귀포시 막숙포로37번길 2,"#맑음 #휴식/힐링 #여름
#용천수 #물놀이 #자연경관"
463,맬튼개 갯담,제주특별자치도 제주시 구좌읍 구좌로 142,"#커플 #아이 #부모
#친구 #휴식/힐링 #해변 #어린이"
464,머체왓숲길,제주특별자치도 서귀포시 남원읍 서성로 755,"#웰니스 #자연 #숲
#치유 #숲길 #걷기 #커플 #자연경관 #도보여행 #도보 #언택트"
465,모슬봉,제주특별자치도 서귀포시 대정읍 상모로191번길,"#부모 #커플 #혼자
#친구 #아이 #맑음 #오름 #자연경관 #도보여행 #도보 #어린이"
466,모진이몽돌해변,제주특별자치도 제주시 추자면 신양리 56,"#해변 #경관/포토 #맑음
#여름 #자연경관 #포토스팟"
467,묘산봉,제주특별자치도 제주시 구좌읍 김녕리 2723,"#친구 #혼자 #커플
#맑음 #오름 #자연경관"
468,무등이왓터,제주특별자치도 서귀포시 안덕면 신화역사로586번길 21-7,"#문화유적지 #맑음 #역사유적
#어트랙션"
469,문석이오름,제주특별자치도 제주시 구좌읍 송당리,"#부모 #커플 #혼자
#친구 #아이 #맑음 #오름 #자연경관 #도보여행 #도보"
470,미천굴,제주특별자치도 서귀포시 성산읍 온평동로34번길 18,"#동굴 #경관/포토 #커플
#아이 #맑음 #여름 #자연경관 #포토스팟 #어린이"
471,민속해안로,제주특별자치도 서귀포시 표선면 일주동로 6228,"#해변 #걷기/등산 #혼자
#맑음"
472,바늘오름,제주특별자치도 제주시 조천읍 교래리 산 108,"#부모 #커플 #혼자
#친구 #경관/포토 #휴식/힐링 #체험관광 #액티비티 #오름 #사계절 #청년 #중/장년 #휴식/치유 #자연경관 #체험 #도보여행 #도보 #레저/체험 #포토스팟"
473,바람모루,제주특별자치도 서귀포시 서호동,"#걷기/등산 #부모 #아이
#자연경관 #어린이"
474,바이나흐튼 크리스마스 박물관,제주특별자치도 서귀포시 안덕면 평화로 654,"#실내 #미술/박물관 #아이
#흐림 #겨울 #실내관광지 #문화관광 #박물관 #어린이 #어트랙션"
475,박성내,제주특별자치도 제주시 기자길 5,"#4.3 #문화유적지 #문화관광
#제주4.3 #역사유적 #어트랙션"
476,발자국화석공원,제주특별자치도 서귀포시 대정읍 형제해안로 192,"#부모 #커플 #아이
#경관/포토 #문화유적지 #사계절"
477,밧돌오름,제주특별자치도 제주시 구좌읍 송당리,"#부모 #커플 #혼자
#친구 #아이 #맑음 #오름 #자연경관 #도보여행 #도보 #어린이"
478,방선문,제주특별자치도 제주시 종천길 39-1,"#계곡 #휴식/힐링 #봄
#자연경관"
479,방일리공원,제주특별자치도 제주시 정원로 50,#휴식/힐링 #자연경관
480,베릿네오름,제주특별자치도 서귀포시 중문상로17번길 51,"#오름 #걷기/등산 #자연경관
#도보여행 #도보"
481,보물섬하이킹,제주특별자치도 제주시 용문로14길 14,"#액티비티 #체험 #레저/체험
#어트랙션"
482,볼레낭길,제주특별자치도 서귀포시 안덕면 감산리 1049,"#걷기/등산 #자연경관 #도보여행
#도보"
483,북촌포구,제주특별자치도 제주시 조천읍 북촌9길 26-1,"#포구 #해변 #문화유적지
#맑음 #겨울 #자연경관 #문화관광 #역사유적"
484,브릭캠퍼스,제주특별자치도 제주시 1100로 3047,"#실내 #테마공원 #아이
#비.눈 #겨울 #실내관광지 #어린이 #캠핑 #캠핑장 #언택트 #어트랙션"
485,비치미오름,제주특별자치도 제주시 구좌읍 송당리 산 255-1,"#부모 #커플 #혼자
#친구 #아이 #맑음 #경관/포토 #오름 #자연경관 #도보여행 #도보 #포토스팟 #어린이"
486,산방산 수국,제주특별자치도 서귀포시 안덕면 산방로,"#산 #걷기/등산 #경관/포토
#친구 #커플 #맑음 #여름 #자연경관 #포토스팟 #어트랙션 #수국"
487,산양곶자왈,제주특별자치도제주시 한경면 청수리 956-6,"#숲길 #걷기/등산 #흐림
#가을 #자연경관 #도보여행 #도보 #곶자왈 #숲"
488,산천단곰솔,제주특별자치도 제주시 516로 3041-24,"#부모 #커플 #혼자
#친구 #휴식/힐링 #자연경관"
489,삼각봉,제주특별자치도 제주시 1100로 2070-61,"#부모 #커플 #혼자
#친구 #경관/포토 #오름 #사계절 #자연경관 #포토스팟"
490,삼매봉,제주특별자치도 서귀포시 남성로115번길 83,"#부모 #커플 #혼자
#친구 #맑음 #아이 #경관/포토 #휴식/힐링 #오름 #사계절 #자연경관 #포토스팟 #어린이"
491,삼양해안도로,제주특별자치도 제주시 삼양2동,"#해변 #드라이브 #커플
#맑음 #자연경관"
492,삼의악트레킹코스,제주특별자치도 제주시 아라동 산 24-2,#걷기/등산 #어트랙션
493,샤이니숲길,제주특별자치도 제주시 조천읍 교래리 719-10,"#걷기/등산 #경관/포토 #휴식/힐링
#자연경관 #도보여행 #도보 #숲 #포토스팟 #숲길"
494,서광리 곶자왈생태탐방로,제주특별자치도 서귀포시 안덕면 서광리,"#숲길 #걷기/등산 #흐림
#여름 #도보여행 #도보 #곶자왈 #숲"
495,서귀포예술의전당,제주특별자치도 서귀포시 태평로 270,"#예술 #실내 #미술/박물관
#흐림 #사계절 #실내관광지 #문화관광 #어트랙션"
496,서복전시관,제주특별자치도 서귀포시 칠십리로 156-8,"#실내 #미술/박물관 #사계절
#어트랙션"
497,서프라이즈테마파크,제주특별자치도 제주시 조천읍 남조로 2243,"#부모 #아이 #테마공원
#경관/포토 #미술/박물관 #전시와행사 #우수관광사업체 #체험 #포토스팟 #어린이 #어트랙션"
498,선흘1리,제주특별자치도 제주시 조천읍 중산간동로 1280,"#문화유적지 #흐림 #사계절
#역사유적"
499,성김대건신부표착기념관,제주특별자치도 제주시 한경면 용수1길 108,"#실내 #미술/박물관 #사계절
#실내관광지 #문화관광 #어트랙션"
500,성불오름,제주 제주시 구좌읍 중산간동로 2532,"#부모 #커플 #혼자
#친구 #아이 #오름 #자연경관 #도보여행 #도보 #어린이"
501,세계술박물관,제주특별자치도 서귀포시 표선면 한마음초등로 431,"#실내 #미술/박물관 #친구
#비.눈 #겨울 #실내관광지 #문화관광 #박물관 #어트랙션"
502,세리월드 테마파크,제주특별자치도 서귀포시 법환상로2번길 97-13,"#액티비티 #아이 #겨울
#실내관광지 #체험 #레저/체험 #어린이 #테마공원 #어트랙션"
503,쇠소깍제트,제주특별자치도 서귀포시 쇠소깍로 151-8 (하효동),"#해수욕장 #해변 #액티비티
#커플 #맑음 #여름 #체험 #레저/체험 #물놀이 #어트랙션"
504,수산저수지,제주특별자치도 제주시 애월읍 수산리 1,"#경관/포토 #휴식/힐링 #자연경관
#포토스팟"
505,스페이스닷원,제주특별자치도 제주시 첨단로 242,"#체험관광 #카카오 #다음
#아이 #실내관광지 #문화관광 #어린이 #어트랙션"
506,시크릿가든촬영지,제주특별자치도 서귀포시 중문관광로 198 (중문동),"#커플 #맑음 #경관/포토
#휴식/힐링 #포토스팟 #어트랙션"
507,신도포구,제주특별자치도 서귀포시 대정읍 신도리,"#포구 #해변 #문화유적지
#자연경관 #역사유적"
508,신비의도로카트체험장,제주특별자치도 제주시 노형동 187-3,"#액티비티 #아이 #맑음
#봄 #체험 #레저/체험 #어린이 #어트랙션 #드라이브"
509,쌍용굴,제주특별자치도 제주시 한림읍 한림로 300,"#동굴 #경관/포토 #부모
#흐림 #여름 #자연경관 #포토스팟"
510,썬플라워의원,제주특별자치도 제주시 한림읍 금능남로 127,#의료관광
511,아르떼뮤지엄,제주특별자치도 제주시 애월읍 어림비로 478,"#커플 #혼자 #친구
#테마공원 #미술/박물관 #전시와행사 #실내관광지 #문화관광 #어트랙션"
512,알오름(표선면),제주특별자치도 서귀포시 표선면 토산리 산 11,"#오름 #걷기/등산 #자연경관
#도보여행 #도보"
513,알프스승마장포니,제주특별자치도 서귀포시 표선면 서성일로 73,"#승마 #액티비티 #흐림
#가을 #체험 #레저/체험 #어트랙션"
514,애월 하물,제주특별자치도 제주시 애월읍 애월로11길 6,"#사계절 #아이 #용천수
#자연경관 #어린이"
515,어린이교통공원,제주특별자치도 제주시 명림로 437 (봉개동 4.3 공원 맞은편),"#아이 #경관/포토 #테마공원
#액티비티 #체험관광 #실내관광지 #체험 #레저/체험 #포토스팟 #어린이 #어트랙션"
516,오백나한,제주특별자치도 서귀포시 영실로 245 (하원동),"#계곡 #경관/포토 #자연경관
#포토스팟"
517,온평리 포구,제주특별자치도 서귀포시 성산읍 온평리,"#포구 #해변 #문화유적지
#봄 #자연경관 #역사유적"
518,와흘본향당,제주특별자치도 제주시 조천읍 와흘리 1274-1,"#문화유적지 #문화관광 #역사유적
#어트랙션"
519,왈종미술관,제주특별자치도 서귀포시 칠십리로214번길 30,"#예술 #실내 #미술/박물관
#비.눈 #겨울 #실내관광지 #미술관 #문화관광 #어트랙션"
520,왕이메오름,제주특별자치도 서귀포시 안덕면 광평리 산 79,"#오름 #휴식/치유 #액티비티
#휴식/힐링 #경관/포토 #혼자 #친구 #맑음 #흐림 #자연경관 #체험 #도보여행 #도보 #레저/체험 #포토스팟 #어트랙션"
521,용수항,제주특별자치도 제주시 한경면 용수리,"#문화유적지 #일몰 #해변
#혼자 #친구 #커플 #올레 #역사유적"
522,우도스쿠터여행,제주특별자치도 제주시 우도면 2395-5,"#액티비티 #친구 #커플
#맑음 #가을 #체험 #레저/체험 #어트랙션"
523,우도올레보트,제주특별자치도 제주시 우도면 연평리 2562-1,"#올레 #액티비티 #맑음
#체험 #레저/체험 #수상레저 #어트랙션"
524,우포토 시네마 갤러리 카페,제주특별자치도 서귀포시 대정읍 상모로 216-2,#휴식/힐링 #어트랙션
525,원수악,제주특별자치도 서귀포시 안덕면 동광리 산 41,"#커플 #친구 #맑음
#오름 #자연경관"
526,월대천,제주특별자치도 제주시 월대6길 5,"#아이 #휴식/힐링 #여름
#자연경관 #어린이"
527,월령포구,제주특별자치도 제주시 한림읍 월평리,"#커플 #친구 #일몰
#올레 #문화유적지 #포구 #자연경관 #역사유적"
528,유건에오름,제주특별자치도 서귀포시 성산읍 난산리 2302,"#오름 #걷기/등산 #자연경관
#도보여행 #도보"
529,이덕구 산전,제주특별자치도 제주시 조천읍 516로 1865,"#4.3 #문화유적지 #문화관광
#제주4.3 #역사유적 #어트랙션"
530,자배봉,제주특별자치도 서귀포시 남원읍 태위로360번길 18,"#오름 #걷기/등산 #자연경관
#도보여행 #도보"
531,절부암,제주특별자치도 제주시 한경면 용수3길 22,"#해변 #걷기/등산 #맑음
#자연경관"
532,정주항,제주특별자치도 제주시 조천읍 함덕리,#항구 #맑음
533,제주901,제주특별자치도 제주시 1100로 2977-10,"#웰니스 #힐링 #명상
#휴식 #커플 #음식 #식당 #브런치"
534,제주난타,제주특별자치도 제주시 선돌목동길 56-26,"#공연 #실내 #여자
#남자 #부모 #친구 #커플 #전시/행사 #비/바람/눈 #실내관광지 #어트랙션"
535,제주라프 짚라인,제주특별자치도 제주시 조천읍 선교로 117,"#액티비티 #친구 #맑음
#여름 #가을 #체험 #레저/체험 #어트랙션"
536,제주롯데스카이힐컨트리클럽,제주특별자치도 서귀포시 상예로 530,"#골프 #액티비티 #체험
#레저/체험 #어트랙션"
537,제주민속식품,제주특별자치도 제주시 구좌읍 번영로 2178,"#특산품 #체험관광 #6차산업
#쇼핑 #관광기념품 #상점/상가"
538,제주바다체험장,제주특별자치도 제주시 구좌읍 동복리 608-3,"#아이 #사계절 #체험관광
#어린이 #수상레저 #어트랙션"
539,제주성지,제주특별자치도 제주시 오현길 61,"#문화유적지 #맑음 #문화관광
#역사유적"
540,제주스쿠터여행,제주시 서광로 164,"#액티비티 #친구 #커플
#맑음 #체험 #레저/체험 #어트랙션"
541,제주승마공원,제주특별자치도 제주시 애월읍 녹고메길 152-1,"#승마 #액티비티 #친구
#커플 #체험 #레저/체험 #어트랙션"
542,제주어울림감귤체험농장,제주특별자치도 서귀포시 성산읍 서성일로 809,#체험관광 #체험 #어트랙션
543,제주올레 12코스,제주특별자치도 서귀포시 대정읍 신도리 2883-2,"#올레 #걷기/등산 #친구
#혼자 #봄 #가을 #자연경관 #도보여행 #도보"
544,제주올레 13코스,제주특별자치도 제주시 한경면 조수리 2137-2,"#올레 #걷기/등산 #친구
#혼자 #봄 #자연경관 #도보여행 #도보"
545,제주올레 15-B코스,제주특별자치도 제주시 한림읍 한림해안로 192,"#커플 #친구 #혼자
#맑음 #올레 #봄 #가을 #도보여행 #도보"
546,제주올레 18-1코스,제주특별자치도 제주시 추자면 묵리 산 133,"#올레 #걷기/등산 #친구
#혼자 #봄 #가을 #자연경관 #도보여행 #도보"
547,제주워터월드,제주특별자치도 서귀포시 월드컵로 33,"#부모 #친구 #아이
#맑음 #액티비티 #실내관광지 #체험 #레저/체험 #어린이 #수상레저 #어트랙션"
548,제주제트,제주특별자치도 서귀포시 대포로 172-5,"#해수욕장 #액티비티 #맑음
#체험 #레저/체험 #해변 #물놀이 #어트랙션"
549,제주카트클럽,제주특별자치도 제주시 한림읍 중산간서로 3853,"#커플 #친구 #아이
#맑음 #액티비티 #체험 #레저/체험 #어린이 #어트랙션"
550,제주항일기념관,제주특별자치도 제주시 조천읍 신북로 303,"#실내 #미술/박물관 #흐림
#겨울 #실내관광지 #어트랙션"
551,제주향교,제주특별자치도 제주시 서문로 43,"#문화유적지 #부모 #맑음
#실내관광지 #역사유적 #어트랙션"
552,좌보미오름,제주특별자치도 서귀포시 표선면 성읍리 산 6,"#커플 #친구 #혼자
#맑음 #오름 #자연경관 #도보여행 #도보"
553,지그리오름(큰지그리),제주특별자치도 제주시 조천읍 남조로 2023,"#오름 #걷기/등산 #자연경관
#도보여행 #도보"
554,지포뮤지엄,제주특별자치도 서귀포시 성산읍 섭지코지로 107,"#실내 #미술/박물관 #친구
#커플 #비.눈 #사계절 #실내관광지 #어트랙션"
555,차귀도요트,제주특별자치도 제주시 한경면 한경해안로 156 2층,"#요트 #액티비티 #부모
#맑음 #체험 #레저/체험 #어트랙션"
556,차귀도유람선,제주특별자치도 제주시 한경면 노을해안로 1163 차귀도유람선,"#차귀도 #유람선 #둘레길
#차귀도유람선 #섬여행 #자연경관 #체험 #도보여행 #도보 #어트랙션"
557,참살이마을 명도암 농어촌체험마을,제주시 명림로 268-71,"#체험관광 #친구 #커플
#흐림 #사계절 #체험 #마을산책 #마을관광 #어트랙션"
558,천아오름,제주특별자치도 제주시 애월읍 산록서로 678-207,"#오름 #걷기/등산 #친구
#아이 #흐림 #자연경관 #도보여행 #도보 #어린이"
559,천지연기정길,제주특별자치도 서귀포시 서홍동 961-34,"#폭포 #걷기/등산 #자연경관
#도보여행 #도보"
560,추사 유배길 - 2코스 인연의 길,제주특별자치도 제주시 한경면 낙수로 228-9,"#걷기/등산 #봄 #가을
#문화관광 #도보여행 #도보 #어트랙션"
561,추자도 숭어체험장,제주특별자치도 제주시 추자면 석두리길 4,"#커플 #친구 #체험관광
#액티비티 #청년 #휴식/치유 #경관/포토 #체험 #레저/체험 #포토스팟 #수상레저 #어트랙션"
562,케이제주씨워킹,제주특별자치도 서귀포시 대정읍 최남단해안로 120,"#해수욕장 #액티비티 #친구
#커플 #맑음 #여름 #체험 #레저/체험 #해변 #물놀이 #어트랙션"
563,큰바리메오름,제주특별자치도 제주시 애월읍 산록서로 15,"#오름 #사계절 #청년
#휴식/힐링 #친구 #커플 #혼자 #자연경관 #도보여행 #도보"
564,타보카 월정리투명카약,제주특별자치도 제주시 구좌읍 월정리 1400-4,"#액티비티 #커플 #맑음
#체험 #레저/체험 #수상레저 #어트랙션"
565,통오름,제주특별자치도 서귀포시 성산읍 신산리 1754-1,"#오름 #청년 #중/장년
#휴식/치유 #경관/포토 #액티비티 #친구 #혼자 #커플 #자연경관 #체험 #도보여행 #도보 #레저/체험 #포토스팟 #어트랙션"
566,판포오름,제주특별자치도 제주시 한경면 판포리 934,"#오름 #걷기/등산 #자연경관
#도보여행 #도보"
567,팜핑제주,제주특별자치도 서귀포시 중산간서로400번길 105,"#야영장 #캠핑장 #숙소
#언택트 #캠핑 #바비큐 #교통 #공공와이파이존 #부대시설"
568,평화통일 불사리탑,제주특별자치도 제주시 조천읍 일주동로 884,"#문화유적지 #맑음 #문화관광
#역사유적"
569,포도갤러리 in 포도호텔,제주특별자치도 서귀포시 안덕면 산록남로 863 포도호텔 지하1층,"#예술 #실내 #미술/박물관
#비.눈 #겨울 #실내관광지 #문화관광 #호텔 #어트랙션"
570,프랑스샤르망,제주시 한림읍 명상로 37,"#실내 #미술/박물관 #비.눈
#흐림 #사계절 #실내관광지 #문화관광 #어트랙션"
571,피규어뮤지엄 제주,제주특별자치도 서귀포시 안덕면 한창로 243,"#실내 #테마공원 #아이
#비.눈 #흐림 #겨울 #실내관광지 #어린이 #어트랙션"
572,핀크스 골프클럽,제주특별자치도 서귀포시 안덕면 산록남로 863,"#골프 #액티비티 #체험
#레저/체험 #어트랙션"
573,한국야구명예전당,제주특별자치도 서귀포시 중산간서로 97-1,"#실내 #미술/박물관 #비.눈
#실내관광지 #문화관광 #박물관 #어트랙션"
574,해거름전망대,제주특별자치도 제주시 한경면 일주서로 4641,"#경관/포토 #맑음 #포토스팟
#어트랙션"
575,해녀의 태왁,제주특별자치도 제주시 구좌읍 김송로 94,"#체험관광 #아이 #사계절
#어린이 #어트랙션"
576,행원육상양식단지,제주특별자치도 제주시 구좌읍 해맞이해안로 680-13,#휴식/힐링 #산책 #해변
577,화북비석거리,제주특별자치도 제주시 일주동로,#문화유적지 #문화관광 #역사유적
578,,제주특별자치도 제주시 애월읍 애월로1길 22,"#해수욕장 #액티비티 #친구
#커플 #맑음 #체험 #레저/체험 #해변 #물놀이 #수상레저 #어트랙션"
579,4·3해원방사탑,제주특별자치도 제주시 신산로 82,"#4.3 #문화유적지 #문화관광
#제주4.3 #역사유적 #어트랙션"
580,9연대 본부 옛터,제주특별자치도 서귀포시 대정읍 일주서로 2497,"#4.3 #문화유적지 #문화관광
#제주4.3 #역사유적 #어트랙션"
581,SM 디지털아트 뮤지엄,제주특별자치도 제주시 애월읍 애월해안로 516-7,"#부모 #커플 #혼자
#친구 #아이 #사계절 #실내관광지 #문화관광 #어린이 #어트랙션"
582,THE WE,제주특별자치도 서귀포시 1100로 453-95,#의료관광
583,WE호텔 웰니스센터,제주특별자치도 서귀포시 1100로 453-95,"#웰니스 #뷰티 #스파
#테라피 #헬스케어 #호텔 #어트랙션"
584,가마오름,제주특별자치도 제주시 한경면 청수서5길 63,"#오름 #걷기/등산 #자연경관
#도보여행 #도보"
585,가마오름 진지동굴,제주특별자치도 제주시 한경면 청수서5길 63,"#친구 #아이 #문화유적지
#동굴 #오름 #문화관광 #역사유적 #도보여행 #도보 #어린이 #어트랙션"
586,가메오름,제주특별자치도 제주시 애월읍 봉성리 산 125,"#오름 #걷기/등산 #맑음
#자연경관 #도보여행 #도보"
587,가문이오름,제주특별자치도 서귀포시 표선면 남조로 1487-73,"#커플 #혼자 #친구
#맑음 #오름 #가을 #자연경관 #도보여행 #도보"
588,가세오름,제주특별자치도 서귀포시 표선면 녹산로 554,"#오름 #걷기/등산 #자연경관
#도보여행 #도보"
589,가파초등학교 마라분교장,제주특별자치도 서귀포시 대정읍 마라로 58,"#경관/포토 #맑음 #사계절
#포토스팟 #어트랙션"
590,각시바우오름,제주특별자치도 서귀포시 호근동 2112,"#커플 #친구 #혼자
#맑음 #오름 #자연경관 #도보여행 #도보"
591,간세공방,제주특별자치도 서귀포시 중정로 22,"#실내 #액티비티 #비.눈
#사계절 #체험 #레저/체험 #어트랙션"
592,감귤박물관 월라봉 산책로 - 생이소리길,제주특별자치도 서귀포시 효돈순환로 441,"#부모 #커플 #맑음
#휴식/힐링 #자연경관 #체험 #실내관광지 #문화관광 #박물관 #도보여행 #도보 #언택트 #어트랙션"
593,감귤상웨빵 체험,제주특별자치도 서귀포시 남원읍 하례중앙로 95,"#친구 #커플 #체험관광
#감귤 #감귤상웨빵 #제주전통 빵 #실내관광지 #체험 #어트랙션"
594,감수굴 밭담길,제주특별자치도 제주시 구좌읍 평대7길 34,"#걷기/등산 #맑음 #자연경관
#도보여행 #도보"
595,갑자기 히어로즈 벽화길,제주특별자치도 제주시 애월읍 금성1길 29-3,"#경관/포토 #테마공원 #커플
#친구 #아이 #도보여행 #도보 #포토스팟 #어린이"
596,갓전시관[임시휴관중],제주특별자치도 제주시 조천읍 남조로 1904,"#실내 #미술/박물관 #부모
#비.눈 #사계절 #실내관광지 #어트랙션"
597,강병대교회,제주특별자치도 서귀포시 대정읍 상모대서로 43-3,"#실내 #문화유적지 #가을
#문화관광 #역사유적 #어트랙션"
598,강정어촌계,제주특별자치도 서귀포시 말질로 290,"#경관/포토 #체험관광 #해변
#바릇잡이 #체험 #포토스팟 #어트랙션"
599,개오리오름,제주특별자치도 제주시 봉개동,"#커플 #친구 #맑음
#오름 #자연경관 #도보여행 #도보"
600,갤러리2 중선농원,제주특별자치도 제주시 영평길 269,"#혼자 #미술/박물관 #사계절
#전시 #예술 #문화 #카페 #실내관광지 #어트랙션"
601,거린오름,제주특별자치도 서귀포시 안덕면 동광리 산 94,"#오름 #걷기/등산 #자연경관
#도보여행 #도보"
602,거믄여해안경승지,제주특별자치도 서귀포시 516로,"#해변 #경관/포토 #맑음
#자연경관 #포토스팟"
603,거인의 정원,제주특별자치도 제주시 대원길 58,"#예술 #갤러리 #실내
#카페 #실내관광지 #문화관광 #어트랙션"
604,거친오름,제주특별자치도 제주시 명림로 520 (봉개동),"#부모 #커플 #혼자
#친구 #맑음 #오름 #자연경관 #도보여행 #도보"
605,건강장수마을 산양리 농어촌체험마을,제주시 한경면 중산간서로 3169,"#체험관광 #아이 #흐림
#사계절 #체험 #마을산책 #마을관광 #어린이 #어트랙션"
606,걸매예술마을,제주특별자치도 서귀포시 서홍로 4-42,"#예술 #커플 #가을
#문화관광 #마을산책 #마을관광 #어트랙션"
607,걸서악오름,제주특별자치도 서귀포시 남원읍 하례로 393,"#친구 #맑음 #경관/포토
#오름 #자연경관 #도보여행 #도보 #포토스팟"
608,게우지코지,제주특별자치도 서귀포시 하효동,"#커플 #혼자 #친구
#경관/포토 #올레 #자연경관 #포토스팟"
609,고근산,제주특별자치도 서귀포시 고근산로202번길 48,"#일출 #오름 #걷기/등산
#맑음 #자연경관 #단풍"
610,고내리 다락쉼터,제주특별자치도 제주시 애월읍 애월해안로 284,#쉼터 #공원 #해안도로
611,고마워토토 아뜰리에,제주특별자치도 제주시 애월읍 고성북길 112,"#커피 #쿠킹체험 #쿠키
#라자냐 #치킨 #음식 #크림파스타 #파스타"
612,고사리숲,제주특별자치도 제주시 애월읍 평화로 2715 제주관광대학교 내 창업보육센터 본관 315호,"#체험관광 #아이 #화장품
#자연경관 #체험 #숲 #어린이"
613,고살리숲길,제주특별자치도 서귀포시 남원읍 하례리 산 54-2,"#친구 #혼자 #맑음
#걷기/등산 #트레킹 #계곡 #자연경관 #체험 #도보여행 #도보 #숲 #숲길 #언택트"
614,고씨주택,제주특별자치도 제주시 관덕로17길 27-1,"#경관/포토 #휴식/힐링 #체험관광
#사계절 #휴식/치유 #문화관광 #포토스팟 #어트랙션"
615,고요산책,제주특별자치도 제주시 중앙로12길 5,"#혼자 #친구 #휴식/힐링
#체험관광 #사계절 #휴식/치유 #체험 #어트랙션"
616,고포잇다이브센터,제주특별자치도 서귀포시 이어도로 685-1,"#체험관광 #액티비티 #체험
#레저/체험 #waterleisure #수상레저 #어트랙션"
617,고흐의 정원,제주특별자치도 서귀포시 성산읍 삼달신풍로 126-5,"#부모 #커플 #혼자
#친구 #아이 #사계절 #미술 #체험전시 #자연경관 #실내관광지 #문화관광 #체험 #어린이 #어트랙션"
618,곤물,제주특별자치도 서귀포시 안덕면 화순서서로64번길 64-4,"#계곡 #문화유적지 #자연경관
#문화관광 #역사유적"
619,골프탕탕,제주특별자치도 서귀포시 안덕면 산록남로 762번길 71,"#골프 #액티비티 #친구
#커플 #체험 #레저/체험 #어트랙션"
620,곽지패총,제주특별자치도 제주시 애월읍 곽지리 2043-1,"#문화유적지 #자연경관 #문화관광
#역사유적"
621,관음사 군 주둔지 옛터,제주특별자치도 제주시 산록북로 660,"#4.3 #문화유적지 #문화관광
#제주4.3 #역사유적 #한라산 #언택트 #어트랙션"
622,관음사 템플스테이,제주시 산록북로 660,"#템플스테이 #휴식/힐링 #커플
#흐림 #사계절 #문화관광 #체험 #한라산 #언택트 #어트랙션"
623,광령귤나무,제주특별자치도 제주시 애월읍 광령8길 24-2,#겨울 #자연경관
624,구엄포구,제주특별자치도 제주시 애월읍 구엄리,"#포구 #해변 #문화유적지
#맑음 #자연경관 #역사유적"
625,굴동포구,제주특별자치도 제주시 구좌읍 해맞이해안로,"#포구 #해변 #문화유적지
#자연경관 #역사유적"
626,굿다이버,제주특별자치도 서귀포시 중산간서로 41 (강정동),"#스쿠버다이빙 #해양레저 #체험
#액티비티 #레저/체험 #수상레저 #어트랙션"
627,궁대오름,제주특별자치도 서귀포시 성산읍 금백조로 446,"#부모 #커플 #친구
#경관/포토 #휴식/힐링 #테마공원 #오름 #사계절 #청년 #중/장년 #휴식/치유 #자연경관 #도보여행 #도보 #포토스팟"
628,귤빛캠핑장,제주특별자치도 제주시 조천읍 함와로 428,"#야영장 #캠핑장 #액티비티
#커플 #맑음 #여름 #체험 #레저/체험 #캠핑 #언택트 #어트랙션"
629,그랑블루호,제주특별자치도 서귀포시 남원읍 위미중앙로180번길 10,"#낚시 #액티비티 #커플
#체험 #레저/체험 #수상레저 #어트랙션"
630,금덕무환자나무및팽나무군락,제주특별자치도 제주시 애월읍 유수암리 1920,"#문화유적지 #자연경관 #문화관광
#역사유적"
631,금룡사,제주특별자치도 제주시 구좌읍 김녕로 148-11,"#실내 #휴식/힐링 #사계절
#문화관광 #어트랙션"
632,금룡사 템플스테이,제주특별자치도 제주시 구좌읍 김녕로 148-11,"#템플스테이 #실내 #휴식/힐링
#커플 #흐림 #사계절 #문화관광 #체험 #어트랙션"
633,금붕사,제주특별자치도 제주시 구좌읍 일주동로 3618-1,"#문화유적지 #사찰 #휴식
#절 #실내관광지 #체험 #역사유적 #어트랙션"
634,금성포구,제주특별자치도 제주시 애월읍 금성리 573-1,"#포구 #해변 #문화유적지
#자연경관 #역사유적"
635,기독교순례길 1코스,제주특별자치도 제주시 애월읍 금성하안길 3,"#걷기/등산 #흐림 #봄
#가을 #문화관광 #도보여행 #도보 #어트랙션"
636,기독교순례길 2코스,제주특별자치도 제주시 한림읍 협재8길 8,"#걷기/등산 #봄 #가을
#문화관광 #도보여행 #도보 #어트랙션"
637,기독교순례길 3코스,제주특별자치도 제주시 한경면 조수3길 7,"#걷기 #봄 #가을
#문화관광 #도보여행 #도보 #어트랙션"
638,기독교순례길 4코스,제주특별자치도 서귀포시 대정읍 추사로36번길 11,"#걷기/등산 #흐림 #봄
#가을 #문화관광 #도보여행 #도보 #어트랙션"
639,김녕 청굴물,제주특별자치도 제주시 구좌읍 김녕리 1296,"#여름 #액티비티 #자연경관
#체험 #레저/체험 #수상레저 #어트랙션"
640,김녕사굴,제주특별자치도 제주시 구좌읍 덕천리 201-4,"#동굴 #문화유적지 #자연경관
#문화관광 #역사유적"
641,김녕항,제주특별자치도 제주시 구좌읍 김녕항1길 50-13,"#지질공원 #해변 #혼자
#맑음 #자연경관"
642,김서프제주,제주특별자치도 서귀포시 색달로81번길 39,"#서핑 #중문 #해양스포츠
#체험 #수상레저 #레저/체험 #어트랙션"
643,김영수도서관,제주특별자치도 제주시 중앙로8길 18,"#도서관 #원도심도시재생사업 #실내관광지
#문화관광 #어트랙션"
644,김택화미술관,제주특별자치도 제주시 조천읍 신흥로 1,"#미술관 #제주풍경 #화방
#실내관광지 #문화관광 #어트랙션"
645,김한미술관 & 카페3206,제주특별자치도 제주시 한림읍 한상로 115,"#휴식/힐링 #미술/박물관 #실내관광지
#문화관광 #미술관 #어트랙션"
646,까끄래기오름,제주시 조천읍 교래리 128,"#커플 #혼자 #친구
#맑음 #경관/포토 #휴식/힐링 #테마공원 #액티비티 #가을 #오름 #사계절 #청년 #중/장년 #휴식/치유 #자연경관 #체험 #도보여행 #도보 #레저/체험 #포토스팟 #어트랙션"
647,까망고띠,제주특별자치도 제주시 조천읍 와선로 254,"#실내 #체험관광 #비.눈
#흐림 #사계절 #체험 #어트랙션"
648,꿈바당 어린이도서관,제주특별자치도 제주시 연오로 140,"#아이 #문화관광 #어린이
#어트랙션"
649,나바론절벽,제주특별자치도 제주시 추자면 영흥리 산 19,"#산 #경관/포토 #가을
#자연경관 #포토스팟"
650,낙천아홉굿마을 의자공원,제주특별자치도 제주시 한경면 낙수로 97,"#부모 #커플 #혼자
#친구 #아이 #맑음 #흐림 #경관/포토 #휴식/힐링 #테마공원 #체험관광 #사계절 #청년 #중/장년 #노년 #휴식/치유 #체험 #마을산책 #마을관광 #포토스팟 #어린이 #언택트 #어트랙션"
651,남내소,제주특별자치도 서귀포시 남원읍 하례로,"#커플 #친구 #아이
#휴식/힐링 #경관/포토 #자연경관 #체험 #포토스팟 #어린이 #어트랙션"
652,남두연대,제주특별자치도 제주시 애월읍 신엄리 2780-1,"#부모 #아이 #문화유적지
#문화관광 #역사유적 #어린이"
653,남문지못,제주특별자치도 서귀포시 대정읍 인성리 392,"#문화유적지 #자연경관 #문화관광
#역사유적"
654,남수각 하늘길 벽화거리,제주특별자치도 제주시 중앙로13길 32,"#커플 #경관/포토 #커플스냅
#문화관광 #도보여행 #도보 #포토스팟"
655,남원 위미2리 어촌계,제주특별자치도 서귀포시 남원읍 태위로 208,"#경관/포토 #체험관광 #해변
#바릇잡이 #올레5코스 #체험 #포토스팟 #어트랙션"
656,남원항,제주특별자치도 서귀포시 남원읍 남태해안로 140,"#맑음 #경관/포토 #문화유적지
#사계절 #자연경관 #역사유적 #포토스팟 #언택트"
657,내창트레킹,제주특별자치도 서귀포시 남원읍 하례중앙로 95,"#친구 #혼자 #맑음
#걷기/등산 #체험관광 #내창트레킹 #효돈천 #자연경관 #체험 #어트랙션"
658,노형수퍼마R,제주특별자치도 제주시 노형로 89,"#부모 #커플 #혼자
#친구 #아이 #휴식/힐링 #테마공원 #미술/박물관 #사계절 #전시와행사 #실내관광지 #문화관광 #어린이 #어트랙션"
659,농개,제주특별자치도 서귀포시 성산읍 환해장성로111번길 4,"#맑음 #휴식/힐링 #여름
#해변 #올레 #물놀이 #용천수 #낚시 #자연경관"
660,누운오름,제주특별자치도 제주시 한림읍 금악리 188-2,"#오름 #걷기/등산 #친구
#자연경관 #도보여행 #도보"
661,눈물의십자가,제주특별자치도 제주시 추자도,"#문화유적지 #맑음 #문화관광
#역사유적"
662,느지리오름,제주특별자치도 제주시 한림읍 상명리 산 5,"#맑음 #걷기/등산 #오름
#자연경관 #도보여행 #도보"
663,다랑쉬마을,제주특별자치도 제주시 구좌읍 다랑쉬로 406-25,"#4.3 #문화유적지 #문화관광
#제주4.3 #역사유적 #마을산책 #마을관광 #어트랙션"
664,다려도,제주특별자치도 제주시 조천읍 북촌리,"#경관/포토 #휴식/힐링 #해변
#자연경관 #포토스팟"
665,단산과 방사탑,제주특별자치도 제주시 조천읍 신흥로1길 25,"#오름 #문화유적지 #자연경관
#역사유적"
666,당오름(안덕면),제주특별자치도 서귀포시 안덕면 동광리 산 68-1,"#오름 #걷기/등산 #자연경관
#도보여행 #도보"
667,대림리선돌,제주특별자치도 제주시 한림읍 대림리,"#문화유적지 #문화관광 #역사유적
#어트랙션"
668,대수포구,제주특별자치도 제주시 한림읍 수원리 1027-7,"#포구 #해변 #문화유적지
#자연경관 #역사유적"
669,대왕산,제주특별자치도 서귀포시 성산읍 수산리 1429,"#부모 #커플 #혼자
#친구 #맑음 #오름 #아이 #자연경관 #어린이"
670,대유ATV수렵사격랜드,제주특별자치도 서귀포시 상예로 381,"#권총 #클레이 #라이플사격
#ATV #실내관광지 #체험 #어트랙션"
671,대정면 4.3사건 위령비,제주특별자치도 서귀포시 대정읍 동일하모로 158-3,"#4.3 #문화유적지 #문화관광
#제주4.3 #역사유적 #어트랙션"
672,대정현역사자료전시관,제주특별자치도 서귀포시 대정읍 상모대서로 17,"#친구 #아이 #문화공간
#전시관 #실내관광지 #문화관광 #어린이 #어트랙션"
673,더 플래닛,제주특별자치도 서귀포시 천제연로 70,"#부모 #커플 #혼자
#친구 #아이 #전시와행사 #생태문화 #체험 #실내관광지 #어린이 #어트랙션"
674,더마카트,제주특별자치도 제주시 한림읍 월림7길 155,"#부모 #아이 #커플
#체험관광 #액티비티 #체험 #레저/체험 #어린이 #어트랙션"
675,더힐하우스스파,제주특별자치도 제주시 한림읍 한창로 925-122,#힐링 #스파 #어트랙션
676,덕천리 팔자 좋아 길,제주특별자치도 제주시 구좌읍 중산간동로,"#걷기/도보 #체험 #도보여행
#도보 #어트랙션"
677,도두동 무지개 해안도로,제주특별자치도 제주시 도두1동,"#친구 #경관/포토 #드라이브
#우정스냅 #포토스팟"
678,도령모루,제주특별자치도,"#4.3 #문화유적지 #문화관광
#제주4.3 #역사유적 #어트랙션"
679,도리미오름,제주특별자치도 제주시 구좌읍 송당리 산 255-1,"#부모 #커플 #혼자
#친구 #아이 #맑음 #오름 #자연경관 #도보여행 #도보 #어린이"
680,독자봉,제주특별자치도 서귀포시 성산읍 신산리 1785,"#커플 #친구 #아이
#맑음 #오름 #자연경관 #어린이"
681,돈대산,제주특별자치도 제주시 추자면 예초리 산 67-1,"#커플 #친구 #맑음
#오름 #자연경관"
682,돈대산산림휴양산책로,제주특별자치도 제주시 추자면 예초리 산 67-1,"#산 #걷기/등산 #흐림
#맑음 #자연경관"
683,돌고래하우스,제주특별자치도 서귀포시 이어도로 826-58,"#야영장 #캠핑장 #숙소
#캠핑 #언택트 #서귀포 #독채 #일몰명소 #산책로"
684,돔박이오름,제주특별자치도 서귀포시 안덕면 광평리 산 89,"#커플 #친구 #맑음
#가을 #오름 #자연경관 #도보여행 #도보"
685,돔베낭길,제주특별자치도 서귀포시 태평로92번길 49,"#해변 #걷기/등산 #흐림
#자연경관 #도보여행 #도보"
686,동계 정온 유허비,제주특별자치도 서귀포시 대정읍 안성리,"#문화유적지 #문화관광 #역사유적
#어트랙션"
687,동귀방파제,제주특별자치도 제주시 애월읍 하귀리,"#여름 #일몰 #해변
#낚시 #자연경관 #어트랙션"
688,동백포레스트,서귀포시 남원읍 신례리 1767,"#커플 #친구 #맑음
#경관/포토 #겨울 #자연경관 #동백 #포토스팟"
689,동복환해장성,제주특별자치도 제주시 구좌읍 동복리,"#문화유적지 #흐림 #문화관광
#역사유적"
690,동알오름,제주특별자치도 서귀포시 대정읍 상모리 153,"#일몰 #오름 #걷기/등산
#자연경관 #도보여행 #도보"
691,들렁모루 산책길,제주특별자치도 서귀포시 서홍동 2437,"#걷기/등산 #흐림 #맑음
#가을 #자연경관 #도보여행 #도보"
692,등머을레져,제주특별자치도 제주시 우도면 우도해안길 70,"#액티비티 #맑음 #체험
#레저/체험 #수상레저 #어트랙션"
693,디스커버제주,제주특별자치도 서귀포시 대포로 26,"#액티비티 #가족여행 #친구
#커플 #체험여행 #체험 #레저/체험 #어트랙션"
694,라신동,제주특별자치도 제주시 한림읍 귀덕리,"#문화유적지 #문화관광 #역사유적
#어트랙션"
695,라온주 실내체험동물원,제주특별자치도 제주시 한림읍 월림7길 155,"#아이 #테마공원 #실내관광지
#체험 #어린이 #어트랙션 #어린이동물농장"
696,레더한,제주특별자치도 서귀포시 남원읍 태위로 773-19,"#커플 #비.눈 #체험관광
#원데이클래스 #어트랙션"
697,렛츠런팜 양귀비꽃,,"#테마공원 #아이 #맑음
#봄 #어린이 #어트랙션"
698,로로 요가,제주특별자치도 제주시 조천읍 조함해안로 519-10,"#친구 #혼자 #맑음
#휴식/힐링 #요가 #패들요가 #어트랙션"
699,롯데호텔 브이스파,"제주특별자치도 서귀포시 중문관광로72번길 35, lobby floor 8F","#겨울 #스파 #체험
#호텔 #어트랙션"
700,마라도 섬투어,제주특별자치도 서귀포시 대정읍 마라로 65,"#겨울 #마라도 #자연경관
#체험 #도보 #도보여행 #언택트 #포토스팟 #섬속의섬 #어트랙션"
701,마라도기원정사,제주특별자치도 서귀포시 대정읍 마라로 87,"#문화유적지 #문화관광 #역사유적
#어트랙션"
702,마오름,제주특별자치도 제주시 한경면 저지리 산 56,"#오름 #걷기/등산 #자연경관
#도보여행 #도보"
703,마흐니 숲길,제주특별자치도 서귀포시 남원읍 남조로 973,"#맑음 #커플 #친구
#부모 #휴식/힐링 #휴식/치유 #자연경관 #체험 #도보여행 #도보 #숲 #숲길 #언택트"
704,만벵듸 공동장지,제주특별자치도 제주시 한림읍 갯거리오름길 114,"#문화유적지 #자연경관 #문화관광
#역사유적 #어트랙션"
705,맛있는 철학자,제주특별자치도 서귀포시 토평로50번길 31,"#친구 #아이 #사계절
#체험관광 #6차산업 #어린이 #어트랙션"
706,망장포,제주특별자치도 서귀포시 남원읍 하례망장포로 65-13,"#커플 #혼자 #친구
#포구 #낚시 #자연경관"
707,매오름,제주특별자치도 서귀포시 표선면 표선리 산 2,"#커플 #혼자 #친구
#맑음 #체험관광 #오름 #휴식/치유 #자연경관 #도보여행 #도보 #어트랙션"
708,멍멍플레이스,제주특별자치도 제주시 애월읍 소길남길 244-5,"#반려견 #카페 #음식
#어트랙션"
709,명월팽나무군락,제주특별자치도 제주시 한림읍 명월로 71,"#문화유적지 #경관/포토 #여름
#자연경관 #역사유적 #포토스팟"
710,모라이,제주특별자치도 서귀포시 산록남로 (색달동),#오름 #걷기/등산 #자연경관
711,목시물굴,제주특별자치도 제주시 조천읍 선흘리 산26번지 일대,"#4.3 #문화유적지 #문화관광
#제주4.3 #역사유적 #어트랙션"
712,목장카페 드르쿰다,제주특별자치도 서귀포시 표선면 번영로 2454,"#테마공원 #자연경관 #실내관광지
#체험 #어린이 #어트랙션"
713,무릉도원마을,제주특별자치도 서귀포시 대정읍 중산간서로 2868,"#부모 #커플 #혼자
#친구 #아이 #체험관광 #마을산책 #마을관광 #어린이 #어트랙션"
714,무릉자전거도로,,"#자전거 #환상자전거도로 #무릉
#신창 #해거름마을공원 #라이딩 #자연경관 #체험 #언택트 #어트랙션 #드라이브"
715,무비랜드왁스뮤지엄,제주특별자치도 서귀포시 중문관광로 205,#박물관 #밀랍인형
716,무수천,제주특별자치도 제주시 애월읍 무수천길,"#계곡 #휴식/힐링 #여름
#자연경관"
717,묵리마을,제주특별자치도 제주시 추자면 묵리,"#혼자 #커플 #친구
#휴식/힐링 #마을산책 #마을관광"
718,묵리처녀당,제주특별자치도 제주시 추자면 묵리 229-1,"#문화유적지 #문화관광 #역사유적
#어트랙션"
719,묵리해안쉼터,제주특별자치도 제주시 추자면 추자로 376-6,"#해변 #문화유적지 #문화관광
#역사유적 #어트랙션"
720,묵리해안포구,제주특별자치도 제주시 추자면 추자로 365-1,"#포구 #해변 #문화유적지
#문화관광 #역사유적"
721,문도지오름,제주특별자치도 제주시 한림읍 금악리 3444,"#오름 #걷기/등산 #자연경관
#도보여행 #도보"
722,문서프,제주특별자치도 제주시 애월읍 곽지7길 1,"#서핑 #곽지 #곽지해수욕장
#애월 #해변 #해수욕장 #물놀이 #어트랙션"
723,문화공간 양,제주특별자치도 제주시 거로남6길 13,"#혼자 #미술/박물관 #사계절
#전시 #예술 #문화 #실내관광지 #어트랙션"
724,문화빳데리 충전소,제주특별자치도 서귀포시 중정로 76,"#미술/박물관 #사계절 #예술
#실내관광지 #어트랙션"
725,물메,제주특별자치도 제주시 애월읍 수산리 산 1-1,"#커플 #혼자 #친구
#경관/포토 #휴식/힐링 #가을 #오름 #청년 #자연경관 #포토스팟"
726,물뫼힐링팜,제주특별자치도 제주시 애월읍 예원로 51,"#수산리 #자연경관 #체험
#마을관광 #웰니스 #어트랙션"
727,미야즈클로젯,제주특별자치도 제주시 용마로4길 15,"#친구 #커플 #경관/포토
#체험관광 #포토스팟 #쇼핑 #관광기념품 #체험"
728,미요캔들,제주특별자치도 제주시 구남로4길 8-1,"#친구 #커플 #체험관광
#원데이클래스 #소이캔들 #디퓨저 #향수 #티라이트 #체험 #어트랙션"
729,민오름(오라동),제주특별자치도 제주시 오라2동 산 12,"#커플 #친구 #혼자
#맑음 #오름 #자연경관 #도보여행 #도보"
730,바구스서핑스쿨,제주특별자치도 제주시 테우해안로 143,"#서핑 #서핑스쿨 #체험
#스포츠 #해양스포츠 #수상레저 #어트랙션"
731,바당미술관,제주특별자치도 서귀포시 대정읍 노을해안로 96,"#예술 #실내 #미술/박물관
#커플 #비.눈 #겨울 #미술관 #실내관광지 #문화관광 #어트랙션"
732,바릇스파,제주특별자치도 제주시 한림읍 한림로 392 3층,#스파 #필링 #어트랙션
733,발이오름,제주특별자치도 제주시 애월읍 어음리 산 1,"#오름 #걷기/등산 #자연경관
#도보여행 #도보"
734,배령연대,제주특별자치도 제주시 한림읍 금능리 1649,#문화유적지 #문화관광 #역사유적
735,백년초농장박물관,제주특별자치도 서귀포시 태평로 200,"#테마공원 #백년초 #실내관광지
#체험 #문화관광 #박물관 #어트랙션"
736,백제사,제주시 애월읍 광령남6길 54 백제사,"#실내 #문화유적지 #흐림
#맑음 #사계절 #문화관광 #역사유적 #어트랙션"
737,백제사 템플스테이,제주시 애월읍 광령남6길 54 백제사,"#템플스테이 #실내 #휴식/힐링
#커플 #흐림 #사계절 #문화관광 #체험 #어트랙션"
738,밸런싱 요가,제주특별자치도 제주시 중앙로 492,"#혼자 #필라테스 #메디컬요가
#요가 #어트랙션"
739,법정사,제주특별자치도 서귀포시 1100로 740-168,"#역사 #유적지 #체험
#역사유적 #어트랙션"
740,법화사,제주특별자치도 서귀포시 하원북로 35번길 15-28,#문화유적지 #문화관광 #역사유적
741,벨리타,제주특별자치도 제주시 조천읍 중산간동로 1194,"#야영장 #캠핑장 #액티비티
#흐림 #자연경관 #체험 #레저/체험 #캠핑 #언택트 #어트랙션"
742,별내린전망대,제주특별자치도 서귀포시 색달동 2938-1,"#부모 #커플 #혼자
#친구 #아이 #맑음 #경관/포토 #봄 #포토스팟 #어린이 #어트랙션"
743,별도연대,제주특별자치도 제주시 화북1동 1537,"#문화유적지 #맑음 #문화관광
#역사유적 #어트랙션"
744,별도포구,제주특별자치도 제주시 화북1동 4269-12,"#포구 #해변 #문화유적지
#자연경관 #역사유적"
745,병악현무암지대,제주특별자치도 서귀포시 안덕면 사계리,#해변 #걷기 #자연경관
746,보롬이,제주특별자치도 서귀포시 하논로 (서홍동),"#커플 #친구 #맑음
#오름 #자연경관"
747,봉글레산,제주특별자치도 제주시 추자면 대서5길 1,"#오름 #걷기/등산 #맑음
#자연경관"
748,봉쥬르봉봉,제주특별자치도 제주시 한림읍 한림로 408-2,"#혼자 #체험관광 #원데이클래스
#마그넷 #엽서 #소품샵 #어트랙션"
749,부대악오름,제주특별자치도 제주시 조천읍 선흘리 산 103,"#오름 #걷기/등산 #자연경관
#도보여행 #도보"
750,부영컨트리클럽,제주특별자치도 서귀포시 남원읍 남조로 960 부영CC,"#골프 #액티비티 #체험
#레저/체험 #어트랙션"
751,북촌리 4.3길,제주특별자치도 제주시 조천읍 북촌3길 3,"#4.3 #길 #도보
#북촌 #너븐숭이 #자연경관 #문화관광 #체험 #제주4.3 #역사유적 #도보여행 #언택트"
752,북촌환해장성,제주특별자치도 제주시 조천읍 북촌리,"#부모 #혼자 #아이
#흐림 #문화유적지 #청년 #중/장년 #문화관광 #역사유적 #어린이"
753,불카분낭,제주특별자치도 제주시 조천읍 선흘리 1136-2,"#4.3 #문화유적지 #문화관광
#제주4.3 #역사유적 #어트랙션"
754,불탑사,제주특별자치도 제주시 원당로16길 41,"#문화유적지 #사계절 #부모
#아이 #혼자 #친구 #커플 #문화관광 #역사유적 #어트랙션"
755,붉은오름(성산읍),제주특별자치도 서귀포시 성산읍 섭지코지로 261,"#부모 #커플 #친구
#혼자 #맑음 #오름 #자연경관 #도보여행 #도보 #단풍"
756,브레이브독스,제주특별자치도 제주시 한림읍 한수풀로 138,"#반려견 #카페 #음식
#어트랙션"
757,비블리아성서식물원,제주특별자치도 제주시 한림읍 조성로 17,"#수목원 #테마공원 #흐림
#맑음 #실내관광지 #어트랙션"
758,비양도 연평리 야영지,,"#맑음 #흐림 #자연경관
#체험 #캠핑 #캠핑장 #언택트 #어트랙션"
759,비양도의 비양나무자생지,제주특별자치도 제주시 한림읍 협재리 산 89,"#부모 #커플 #친구
#아이 #맑음 #휴식/힐링 #자연경관 #어린이"
760,비자림농원,제주특별자치도 제주시 조천읍 선흘동1길 31-71,"#체험관광 #아이 #감귤
#키위 #어린이 #어트랙션"
761,뽀로로&타요 테마파크 제주,제주특별자치도 서귀포시 안덕면 병악로 269,"#아이 #맑음 #비.눈
#흐림 #테마공원 #실내관광지 #체험 #어린이 #어트랙션"
762,쁘램 요가,제주특별자치도 제주시 연북로 88,"#혼자 #휴식/힐링 #요가
#플라잉요가 #메디컬요가 #빈야사요가 #하타요가 #테랍툴요가 #어트랙션"
763,사계 용머리해안,제주특별자치도 서귀포시 안덕면 사계남로216번길 28,"#부모 #커플 #혼자
#친구 #경관/포토 #휴식/힐링 #문화유적지 #사계절 #청년 #중/장년 #노년 #휴식/치유 #자연경관 #역사유적 #포토스팟"
764,사계항,제주특별자치도 서귀포시 안덕면 사계리,#문화유적지 #맑음 #역사유적
765,사진놀이터,제주특별자치도 제주시 애월읍 평화로 2835,"#커플 #혼자 #친구
#경관/포토 #휴식/힐링 #체험관광 #실내 #사계절 #실내관광지 #체험 #포토스팟 #어트랙션"
766,산방산 랜드,제주특별자치도 서귀포시 안덕면 사계남로216번길 24-32,"#액티비티 #친구 #커플
#체험 #레저/체험 #어트랙션"
767,산지천갤러리,제주특별자치도 제주시 중앙로3길 36,"#경관/포토 #미술/박물관 #체험관광
#실내 #사계절 #실내관광지 #포토스팟 #어트랙션"
768,산지항 옛터,제주특별자치도 제주시 연무정길 28 (건입동)일대,"#4.3 #문화유적지 #문화관광
#제주4.3 #역사유적 #어트랙션"
769,산호레저,제주특별자치도 제주시 우도면 우도해안길 73,"#액티비티 #맑음 #체험
#레저/체험 #수상레저 #어트랙션"
770,삼다수숲길 지질트레일,제주특별자치도 제주시 조천읍 교래3길 98,"#숲길 #걷기/등산 #혼자
#흐림 #봄 #자연경관 #도보여행 #도보 #단풍 #숲 #언택트 #지질트레일 #유네스코 #어트랙션"
771,삼밭구석 & 동광리4·3희생자위령비,제주특별자치도 서귀포시 안덕면 동광리 1425 일대,"#4.3 #문화유적지 #문화관광
#제주4.3 #역사유적 #어트랙션"
772,삼사석,제주특별자치도 제주시 화북1동 1380-1,"#부모 #커플 #혼자
#친구 #아이 #문화유적지 #자연경관 #역사유적 #어트랙션"
773,삼양 셋다리물,제주특별자치도 제주시 삼양1동 1938-9,"#여름 #아이 #용천수
#노천탕 #자연경관 #체험 #어린이 #수상레저"
774,삼양방파제,제주특별자치도 제주시 벌랑길,"#맑음 #휴식/힐링 #여름
#해변 #낚시 #자연경관 #어트랙션"
775,상추자마을길,제주특별자치도 제주시 추자도 추자면,"#커플 #친구 #맑음
#걷기 #도보여행 #도보 #마을산책 #마을관광"
776,상추자포구,제주특별자치도 제주시 추자면 대서리,"#포구 #해변 #문화유적지
#자연경관 #역사유적"
777,상추자항,제주특별자치도 제주시 추자면 추자로 39,"#혼자 #친구 #맑음
#추자도"
778,새별헤이요목장,,"#커플 #친구 #아이
#맑음 #휴식/힐링 #테마공원 #체험관광 #휴식/치유 #자연경관 #체험 #어린이 #어트랙션"
779,새시물,제주특별자치도 제주시 한림읍 상한로,#휴식/힐링 #자연경관
780,샘이오름,제주특별자치도 제주시 조천읍 516로,"#오름 #걷기/등산 #맑음
#자연경관 #도보여행 #도보"
781,서귀본향당,제주특별자치도 서귀포시 정방동,"#문화유적지 #문화관광 #역사유적
#어트랙션"
782,서귀포 궁도장,제주특별자치도 서귀포시 중산간서로 97-40,"#커플 #친구 #혼자
#액티비티 #자연경관 #체험 #레저/체험 #어트랙션"
783,서귀포 다이브센터,제주특별자치도 서귀포시 남원읍 하례리 64-11,"#액티비티 #친구 #커플
#맑음 #체험 #레저/체험 #수상레저 #어트랙션"
784,서귀포 하영올레,제주특별자치도 서귀포시 중앙로 105,"#휴식/힐링 #휴식/치유 #자연경관
#체험 #도보여행 #도보"
785,서귀포농업기술센터 제주농업생태원,제주특별자치도 서귀포시 남원읍 중산간동로 7413,"#테마공원 #전시와행사 #자연경관
#어트랙션"
786,서귀포시립기당미술관,제주특별자치도 서귀포시 남성중로153번길 15,"#실내 #미술/박물관 #비.눈
#겨울 #실내관광지 #미술관 #문화관광 #어트랙션"
787,서귀포의료원,제주특별자치도 서귀포시 장수로 47,#의료관광
788,서귀포층패류화석산지,제주특별자치도 서귀포시 남성중로 43,"#지질공원 #해변 #경관/포토
#맑음 #자연경관 #포토스팟 #어트랙션 #유네스코"
789,서귀포호텔 카라반,제주특별자치도 서귀포시 상예로 319,"#야영장 #캠핑장 #숙소
#호텔 #캠핑 #힐링쉼터 #힐링 #언택트"
790,서부두명품횟집거리,제주특별자치도 제주시 서부두길 16,"#사계절 #청년 #중/장년
#노년 #휴식/치유 #체험관광 #휴식/힐링 #어트랙션"
791,서영아리오름 / 용와이오름,,"#부모 #커플 #혼자
#친구 #맑음 #흐림 #경관/포토 #사계절 #청년 #중/장년 #휴식/치유 #오름 #자연경관 #도보여행 #도보 #포토스팟 #언택트"
792,서중천탐방로,제주특별자치도 서귀포시 남원읍 서성로 755,"#부모 #커플 #친구
#맑음 #흐림 #휴식/힐링 #자연경관 #체험 #도보여행 #도보 #어트랙션"
793,선족이오름,제주특별자치도 제주시 구좌읍 송당리 산 140-2,"#오름 #걷기/등산 #자연경관
#도보여행 #도보"
794,설쿰바당,제주특별자치도 서귀포시 안덕면 사계리,"#맑음 #경관/포토 #걷기/등산
#여름 #해안산책 #자연경관 #포토스팟"
795,섬생이,제주특별자치도 제주시 추자면 신양리 산 87,#휴식/힐링 #자연경관
796,섬속의섬우도렌트,제주특별자치도 제주시 우도면 우도해안길 84-2,"#액티비티 #맑음 #우도
#체험 #레저/체험 #어트랙션"
797,성산 유채꽃재배단지,제주특별자치도 서귀포시 성산읍 일출로,"#맑음 #봄 #겨울
#경관/포토 #자연경관 #포토스팟 #봄꽃 #유채꽃"
798,성산~세화 해안도로,제주특별자치도 서귀포시 성산읍 해맞이해안로 2636,"#일출 #해변 #드라이브
#커플 #맑음 #여름 #자연경관"
799,성산초등학교 서청특별중대 주둔지,제주특별자치도 서귀포시 성산면 성산리 171-9,"#문화유적지 #맑음 #4.3
#문화관광 #제주4.3 #역사유적 #어트랙션"
800,성읍목장,제주특별자치도 서귀포시 표선면 성읍리 1734,"#경관/포토 #맑음 #봄
#포토스팟 #어트랙션"
801,성읍승마장,제주특별자치도 서귀포시 표선면 번영로 2650,"#승마 #액티비티 #체험
#레저/체험 #어트랙션"
802,성클라라수도원 금악성당,제주시 한림읍 금악북로 320,"#실내 #휴식/힐링 #흐림
#사계절 #어트랙션"
803,세미오름(삼의양오름),제주특별자치도 제주시 아라동 산 24-2,"#부모 #커플 #혼자
#친구 #아이 #오름 #자연경관 #도보여행 #도보 #어린이"
804,세미오름(샘이오름),제주특별자치도 제주시 조천읍 대흘리 산 27-8,"#오름 #걷기/등산 #자연경관
#도보여행 #도보"
805,세인트포골프장,제주특별자치도 제주시 구좌읍 선유로 445-55,"#골프 #액티비티 #체험
#레저/체험 #어트랙션"
806,세화항,제주특별자치도 제주시 구좌읍 세화리,#맑음 #자연경관
807,소남머리,제주특별자치도 서귀포시 칠십리로 145,"#경관/포토 #부모 #커플
#혼자 #친구 #아이 #자연경관 #포토스팟 #어린이"
808,소라의성,제주특별자치도 서귀포시 칠십리로214번길 17-17,"#건축물 #북카페 #전시
#실내관광지 #문화관광 #어트랙션"
809,소병악,제주특별자치도 서귀포시 안덕면 상창리 산 2-1,"#혼자 #친구 #맑음
#오름 #자연경관 #도보여행 #도보"
810,소수산봉,제주특별자치도 서귀포시 성산읍 고성리 887,"#오름 #부모 #커플
#혼자 #친구 #아이 #자연경관 #어린이"
811,소암현중화기념관,제주특별자치도 서귀포시 소암로 15,"#실내 #미술/박물관 #비.눈
#사계절 #실내관광지 #어트랙션"
812,손방둥이,제주특별자치도 제주시 진군남2길 10-4 101호 손방둥이,"#가죽공방 #핸드메이드 #체험관광
#체험 #어트랙션"
813,손지오름,제주특별자치도 제주시 구좌읍 종달리 산 52,"#오름 #걷기/등산 #자연경관
#도보여행 #도보"
814,솔담한방병원,제주특별자치도 제주시 1100로 3055,#의료관광 #어트랙션
815,솔동산8경,제주특별자치도 서귀포시 서귀동 솔동산로,"#문화유적지 #맑음 #자연경관
#문화관광 #역사유적"
816,송계순집터,제주특별자치도 서귀포시 대정읍 안성리 1681-1,"#맑음 #문화유적지 #사계절
#자연경관 #문화관광 #역사유적 #어트랙션"
817,송령이골,제주특별자치도 서귀포시 남원읍 한신로143번길 99,"#4.3 #문화유적지 #문화관광
#제주4.3 #역사유적 #어트랙션"
818,송악카트체험장,제주특별자치도 서귀포시 대정읍 송악관광로 404,"#액티비티 #아이 #맑음
#체험 #레저/체험 #어린이 #수상레저 #어트랙션"
819,송악힐링풋스킨,제주특별자치도 서귀포시 대정읍 송악관광로 399,#휴식/힐링 #어트랙션
820,송죽사터,제주특별자치도 서귀포시 대정읍 안성리,"#문화유적지 #아이 #부모
#혼자 #친구 #미술/박물관 #올레 #역사유적 #어린이 #어트랙션"
821,수악,제주특별자치도 서귀포시 남원읍 516로 1042,"#오름 #부모 #커플
#혼자 #친구 #맑음 #경관/포토 #휴식/힐링 #사계절 #자연경관 #도보여행 #도보 #포토스팟"
822,수월이못,제주특별자치도 서귀포시 대정읍 안성리 1747,"#문화유적지 #부모 #커플
#혼자 #친구 #아이 #휴식/힐링 #자연경관 #문화관광 #역사유적"
823,스누피가든,제주특별자치도 제주시 구좌읍 금백조로 930,"#커플 #친구 #아이
#맑음 #흐림 #휴식/힐링 #경관/포토 #테마공원 #휴식/치유 #우수관광사업체 #자연경관 #실내관광지 #체험 #포토스팟 #어린이 #어트랙션"
824,스위트몽키,제주특별자치도 제주시 한경면 산양6길 6-9,"#부모 #아이 #체험관광
#실내관광지 #체험 #어린이 #어트랙션"
825,스위트호텔 아로마,제주특별자치도 서귀포시 중문관광로72번길 67,"#겨울 #스파 #호텔
#체험 #어트랙션"
826,스쿠버스쿨,제주특별자치도 제주시 서해안로 301,"#커플 #혼자 #친구
#체험관광 #액티비티 #해양스포츠 #스쿠버다이빙 #체험 #레저/체험 #waterleisure #수상레저 #어트랙션"
827,스프링데일CC,제주특별자치도 서귀포시 남원읍 서성로 459번지,"#골프 #액티비티 #체험
#레저/체험 #어트랙션"
828,신대산전망대,제주특별자치도 제주시 추자면 예초리,"#부모 #친구 #커플
#혼자 #경관/포토 #휴식/힐링 #액티비티 #체험 #레저/체험 #포토스팟 #어트랙션"
829,신대해안,제주특별자치도 제주시 추자면 예초리 77,"#해변 #경관/포토 #자연경관
#포토스팟"
830,신산공원,제주특별자치도 제주시 신산로 92-12,"#아이 #걷기/등산 #휴식/힐링
#테마공원 #자연경관 #어린이 #봄꽃 #벚꽃"
831,신산환해장성,제주특별자치도 서귀포시 성산읍 신산리,"#문화유적지 #흐림 #자연경관
#문화관광 #역사유적"
832,신양포구,제주특별자치도 서귀포시 성산읍 고성리,"#포구 #해변 #문화유적지
#맑음 #자연경관 #역사유적"
833,신양항,제주특별자치도 제주시 추자면 신양리,"#올레 #여자 #남자
#맑음"
834,신양해안도로,제주특별자치도 서귀포시 성산읍 신고로,"#해변 #드라이브 #친구
#커플 #맑음 #자연경관"
835,신엄포구,제주특별자치도 제주시 애월읍 애월해안로,"#커플 #일몰 #사계절
#포구 #자연경관"
836,신천리 벽화마을,제주특별자치도 서귀포시 성산읍 신천리,"#예술 #걷기/등산 #경관/포토
#문화관광 #마을산책 #마을관광 #포토스팟"
837,신천리,제주특별자치도 서귀포시 표선면 신천리,"#커플 #친구 #맑음
#경관/포토 #휴식/힐링 #해변 #도보여행 #도보 #포토스팟"
838,신풍리 밭담길,제주특별자치도 서귀포시 성산읍 신풍하동로 39,"#밭담 #성산 #신풍리
#농촌체험마을 #자연경관 #문화관광 #체험 #도보여행 #도보 #언택트"
839,신화워터파크,제주특별자치도 서귀포시 안덕면 신화역사로304번길 38,"#아이 #사계절 #액티비티
#실내관광지 #체험 #레저/체험 #어린이 #수상레저 #테마공원 #어트랙션"
840,신효 생활개선회,제주특별자치도 서귀포시 효돈순환로 44,"#체험관광 #아이 #감귤
#어린이 #어트랙션"
841,신효베스트마을,제주특별자치도 서귀포시 일주동로 8190,"#체험관광 #아이 #귤향과즐
#마을산책 #마을관광 #어린이 #어트랙션"
842,신흥2리 동백마을,제주특별자치도 서귀포시 남원읍 한신로531번길 22-1,"#웰니스 #만남 #즐김
#치유 #체험 #부모 #자연경관 #마을산책 #마을관광 #동백 #어트랙션"
843,신흥리 동백 & 향나무길,,"#커플 #친구 #맑음
#경관/포토 #겨울 #청년 #휴식/치유 #자연경관 #체험 #도보여행 #도보 #동백 #포토스팟"
844,심헌갤러리,제주특별자치도 제주시 아란14길 3,"#미술/박물관 #전시 #경관/포토
#실내 #실내관광지 #문화관광 #포토스팟 #어트랙션"
845,씨에스호텔 프라이빗스파,제주특별자치도 서귀포시 중문관광로 198,"#씨에스호텔 #프라이빗스파 #스파
#호텔 #어트랙션"
846,아라고나이트 온천,제주특별자치도 서귀포시 안덕면 산록남로762번길 71,"#온천 #실내 #휴식/힐링
#부모 #비.눈 #겨울 #실내관광지 #호텔 #숙소 #어트랙션"
847,아라리오뮤지엄동문모텔1,제주특별자치도 제주시 산지로 37-5,"#실내 #미술/박물관 #비.눈
#겨울 #실내관광지 #문화관광 #어트랙션"
848,아라리오뮤지엄동문모텔2,제주특별자치도 제주시 산지로 23,"#실내 #미술/박물관 #비.눈
#사계절 #실내관광지 #문화관광 #어트랙션"
849,아름다운피부과,"제주특별자치도 제주시 도령로 5 명은빌딩 2,3,5,7층",#의료관광
850,아이리스촬영지,제주특별자치도 서귀포시 표선면,"#등대 #경관/포토 #친구
#커플 #맑음 #포토스팟"
851,아일랜드에프,"제주특별자치도 서귀포시 성산읍 성산등용로 112-7, 2층","#선상낚시 #낚시체험 #선상리조트
#체험 #어트랙션"
852,아침한의원,제주특별자치도 제주시 한림읍 한림중앙로 31,#의료관광
853,아홉굿마을 낙천리 농어촌체험마을,한경면 낙수로 97,"#체험관광 #아이 #사계절
#체험 #마을산책 #마을관광 #어린이 #어트랙션"
854,안덕면 사계어촌계,제주특별자치도 서귀포시 안덕면 형제해안로 20,"#경관/포토 #체험관광 #해변
#바릇잡이 #체험 #포토스팟 #어트랙션"
855,안세미,제주특별자치도 제주시 번영로 940,"#오름 #걷기/등산 #자연경관
#도보여행 #도보"
856,알밤,제주특별자치도 제주시 조천읍 선흘남4길 229,"#부모 #커플 #혼자
#친구 #아이 #맑음 #오름 #자연경관 #도보여행 #도보 #어린이"
857,알오름(성산읍),제주특별자치도 서귀포시 성산읍 시흥상동로,"#커플 #친구 #맑음
#오름 #자연경관 #도보여행 #도보"
858,알제이,제주특별자치도 제주시 한경면 고산로 13-4 2F,"#휴식/힐링 #체험관광 #체험
#레저/체험 #수상레저 #어트랙션"
859,애월스쿠버다이빙스쿨,제주특별자치도 제주시 애월읍 애월로13길 45,"#애월 #스쿠버다이빙 #다이빙
#마린스포츠 #체험 #레저/체험 #수상레저 #어트랙션"
860,애월연대,제주특별자치도 제주시 애월읍 애월리 1975,"#부모 #혼자 #친구
#아이 #맑음 #경관/포토 #문화유적지 #문화관광 #역사유적 #포토스팟 #어린이"
861,애월환해장성,제주특별자치도 제주시 애월읍 애월로3길 60,"#문화유적지 #가을 #자연경관
#문화관광 #역사유적"
862,액트,제주특별자치도 서귀포시 안덕면 신화역사로304번길 98,"#볼링 #맥주 #사계절
#실내관광지 #체험 #어트랙션"
863,어영공원,제주특별자치도 제주시 서해안로 452 (맞은편 공원),"#겯기/등산 #경관/포토 #휴식/힐링
#테마공원 #아이 #자연경관 #포토스팟 #어린이"
864,엄바위장승,제주특별자치도 제주시 추자면 예초리 332,"#문화유적지 #문화관광 #역사유적
#어트랙션"
865,에밀리파크,제주특별자치도 제주시 조천읍 조천우회로 104,"#아이 #체험관광 #실내관광지
#체험 #어린이 #테마공원 #어트랙션"
866,에버리스 골프리조트,제주특별자치도 제주시 애월읍 평화로 1693-75,"#골프 #액티비티 #체험
#레저/체험 #숙소 #리조트 #어트랙션"
867,에코힐글램핑,제주특별자치도 제주시 애월읍 광령평화8길 22,"#캠핑장 #야영장 #숙소
#언택트 #캠핑 #공공와이파이존 #포장판매 #글램핑 #바비큐 #매점 #부대시설 #수영장"
868,연대포구,제주특별자치도 제주시 외도2동,"#포구 #부모 #아이
#친구 #문화유적지 #해변 #역사유적 #어린이"
869,연미마을,제주특별자치도,"#4.3 #문화유적지 #문화관광
#제주4.3 #역사유적 #마을산책 #마을관광 #어트랙션"
870,연북정,제주특별자치도 제주시 조천읍 조천리 2690,"#문화유적지 #커플 #아이
#자연경관 #문화관광 #역사유적 #어트랙션"
871,열리해안길,제주특별자치도 서귀포시 하예동,"#커플 #친구 #올레
#해변 #혼자 #맑음 #도보여행 #도보"
872,영남동,제주특별자치도 서귀포시 산록남로 1966-34,"#4.3 #문화유적지 #문화관광
#제주4.3 #역사유적 #어트랙션"
873,영등할망 신화공원,제주 제주시 한림읍 귀덕11길 19,"#테마공원 #경관/포토 #문화유적지
#역사유적 #포토스팟 #어트랙션"
874,영모원,제주특별자치도 제주시 애월읍 하귀리 1130-1,"#문화유적지 #문화관광 #역사유적
#어트랙션"
875,영천악,제주특별자치도 서귀포시 516로 652,"#커플 #혼자 #친구
#오름 #경관/포토 #맑음 #자연경관 #도보여행 #도보 #포토스팟 #언택트"
876,예래생태체험관,제주특별자치도 서귀포시 예래로 213,"#부모 #아이 #커플
#생태 #체험 #어린이 #어트랙션 #봄꽃 #벚꽃 #매화"
877,예래해안도로,제주특별자치도 서귀포시 예래해안로,"#해변 #드라이브 #맑음
#커플 #아이 #혼자 #친구 #부모 #자연경관 #어린이"
878,예술공간 이아,제주특별자치도 제주시 중앙로14길 21,"#예술 #갤러리 #서점
#카페 #어트랙션"
879,예절이오름,제주특별자치도 서귀포시 남원읍 신흥리 산 18,"#커플 #혼자 #친구
#맑음 #오름 #봄 #가을 #자연경관 #도보여행 #도보"
880,예초리,제주특별자치도 제주시 추자도 예초리,"#친구 #혼자 #커플
#휴식/힐링 #올레"
881,예초리기정길,제주특별자치도 제주시 추자면 예초리 산 1,"#걷기/등산 #자연경관 #도보여행
#도보"
882,예초리포구,제주특별자치도 제주시 추자면 추자로 753,"#포구 #해변 #문화유적지
#문화관광 #역사유적"
883,예초리해변,제주특별자치도 제주시 추자면 예초리,"#해변 #경관/포토 #커플
#혼자 #맑음 #자연경관 #포토스팟"
884,오름터 민속마을,제주특별자치도 서귀포시 표선면 성읍정의현로 99,"#오름 #문화유적지 #아이
#흐림 #문화관광 #역사유적 #도보여행 #도보 #마을산책 #마을관광 #어린이"
885,오림반,제주특별자치도 서귀포시 남원읍 신례리,"#4.3 #문화유적지 #문화관광
#제주4.3 #역사유적 #어트랙션"
886,오페라 옴니아 : 라파엘로展,제주특별자치도 서귀포시 안덕면 녹차분재로 218,"#미술/박물관 #전시와행사 #실내관광지
#문화관광 #체험 #어트랙션"
887,오현단,제주특별자치도 제주시 오현길 61,"#문화유적지 #흐림 #문화관광
#역사유적 #어트랙션"
888,옥돔마을,제주특별자치도 서귀포시 남원읍 남태해안로 508,"#부모 #커플 #혼자
#친구 #아이 #체험관광 #체험 #마을산책 #마을관광 #어린이 #언택트 #어트랙션"
889,온평리 환해장성,제주특별자치도 서귀포시 성산읍 환해장성로 732,"#문화유적지 #사계절 #올레
#해변 #커플 #친구 #자연경관 #문화관광 #역사유적"
890,올레산야초,제주특별자치도 제주시 애월읍 유수암서길 57,"#휴식/힐링 #체험관광 #친구
#음식 #눈꽃빙수 #샐러드 #차"
891,옷귀마테마타운,제주특별자치도 서귀포시 남원읍 서성로 955-117,"#의귀리 #승마 #승마장
#자연경관 #체험 #마을관광 #웰니스 #레저/체험 #어트랙션"
892,옹포천,제주특별자치도 제주시 한림읍 한림로 563,#휴식/힐링 #맑음 #자연경관
893,옹포포구,제주특별자치도 제주시 한림읍 옹포리,"#포구 #일몰 #해변
#걷기 #커플 #자연경관"
894,용담 1동 벽화거리,제주특별자치도 제주시 서문로5길 1,##예술 #경관/포토 #문화관광 #포토스팟
895,용둠범목제계단길,제주특별자치도 제주시 추자면 영흥리,#걷기/등산 #도보여행 #도보
896,용연카누클럽,제주특별자치도 제주시 용담2동 438,"#커플 #친구 #맑음
#경관/포토 #휴식/힐링 #체험관광 #액티비티 #청년 #휴식/치유 #체험 #레저/체험 #포토스팟 #waterleisure #수상레저 #어트랙션"
897,우도 득성이코지,제주특별자치도 제주시 우도면 연평리,"#경관/포토 #맑음 #자연경관
#포토스팟"
898,우도 봉수대,제주특별자치도 제주시 우도면 연평리 798,#문화유적지 #문화관광 #역사유적
899,우도보물섬레져,제주특별자치도 제주시 우도면 우도해안길 336,"#액티비티 #체험 #레저/체험
#수상레저 #어트랙션"
900,우도봉 ATV,제주특별자치도 제주시 우도면 우도봉길 47,"#ATV #액티비티 #아이
#친구 #체험 #레저/체험 #어린이 #어트랙션"
901,우도징기스칸승마체험,제주특별자치도 제주시 우도면 우도해안길 446,"#체험관광 #액티비티 #승마
#체험 #레저/체험 #어트랙션"
902,웃밤,제주특별자치도 제주시 조천읍 선흘리 산 84,"#오름 #걷기/등산 #자연경관
#도보여행 #도보"
903,웃세오름(누운오름),제주특별자치도 제주시 애월읍 1100로 1579-25,"#오름 #걷기/등산 #친구
#자연경관 #도보여행 #도보"
904,웃세오름(족은오름),제주특별자치도 제주시 애월읍 평화로,"#오름 #걷기/등산 #친구
#자연경관 #도보여행 #도보"
905,원동,제주특별자치도 제주시 애월읍 소길리 1364 일대,"#4.3 #문화유적지 #문화관광
#제주4.3 #역사유적 #어트랙션"
906,원앙카라반캠핑장앤야영장,제주특별자치도 서귀포시 돈내코로 120,"#야영장 #캠핑장 #액티비티
#친구 #맑음 #여름 #체험 #레저/체험 #캠핑 #언택트 #어트랙션"
907,월나봉,제주특별자치도 서귀포시 안덕면 감산리 1148 일대,"#친구 #커플 #맑음
#오름 #자연경관 #도보여행 #도보"
908,월라봉 진지동굴,,"#부모 #커플 #혼자
#친구 #맑음 #흐림 #경관/포토 #사계절 #청년 #중/장년 #휴식/치유 #자연경관 #포토스팟 #언택트"
909,월라봉,제주특별자치도 서귀포시 월라봉로,"#오름 #등산 #휴식
#자연경관 #언택트"
910,월라사,제주특별자치도 서귀포시 효돈순환로 415,"#문화유적지 #휴식/힐링 #가을
#역사유적"
911,윈드1947 카트 테마파크,제주특별자치도 서귀포시 토평공단로 78-27,"#부모 #커플 #혼자
#친구 #맑음 #테마공원 #쇼핑 #체험관광 #청년 #카트 #레이싱 #체험 #어린이 #어트랙션"
912,유민미술관,제주특별자치도 서귀포시 성산읍 고성리 21,"#예술 #실내 #미술/박물관
#비.눈 #사계절 #실내관광지 #문화관광 #미술관 #어트랙션"
913,육시우영,제주특별자치도 제주시 애월읍 하가리,"#4.3 #문화유적지 #문화관광
#제주4.3 #역사유적 #어트랙션"
914,율랜드 다이브센터,제주특별자치도 서귀포시 칠십리로 490,"#액티비티 #커플 #친구
#체험 #레저/체험 #수상레저 #어트랙션"
915,이랜드뮤지엄,제주특별자치도 제주시 한림해안로 530,"#실내 #테마공원 #아이
#비.눈 #사계절 #실내관광지 #어트랙션"
916,이로이로공방,제주특별자치도 제주시 구좌읍 하도7길 16-11,"#친구 #혼자 #휴식/힐링
#체험관광 #원데이클래스 #프랑스자수 #캘리그라피 #체험 #어트랙션"
917,이상한 나라의 앨리스,제주특별자치도 서귀포시 안덕면 중산간서로 1881,"#실내 #테마공원 #커플
#아이 #비.눈 #사계절 #실내관광지 #어트랙션"
918,이음새,제주특별자치도 서귀포시 남원읍 위미리 4137-1,"#체험 #염색체험 #힐링
#어트랙션"
919,이편한치과,제주특별자치도 제주시 연북로 527 반디빌딩 5층,#의료관광
920,이호-내도 해안도로,제주특별자치도 제주시 테우해안로 60,#경관/포토 #포토스팟 #드라이브
921,이호털보네배낚시,제주특별자치도 제주시 이호1동 1787,"#낚시 #액티비티 #친구
#체험 #레저/체험 #어트랙션"
922,일출랜드 아트센터,제주특별자치도 서귀포시 성산읍 중산간동로 4150-30,"#휴식/힐링 #테마공원 #휴식/치유
#자연경관 #체험 #어트랙션"
923,임문숙 가족 헛묘,제주특별자치도 서귀포시 안덕면 동광리 807-4,"#4.3 #문화유적지 #문화관광
#제주4.3 #역사유적 #어트랙션"
924,입산봉,제주특별자치도 제주시 구좌읍 김녕리 1033-19,"#혼자 #친구 #맑음
#오름 #자연경관 #도보여행 #도보"
925,자리왓,제주특별자치도 제주시 애월읍 봉성리 1410 일대,"#4.3 #문화유적지 #자연경관
#문화관광 #제주4.3 #역사유적 #어트랙션"
926,자연인,제주특별자치도 제주시 아란서길 110,"#캠핑장 #야영장 #숙소
#캠핑 #바비큐 #공공와이파이존 #매점 #주차장 #언택트"
927,장생의 숲길,제주특별자치도 제주시 명림로 584,"#숲길 #걷기/등산 #혼자
#흐림 #여름 #자연경관 #도보여행 #도보 #숲"
928,정모시쉼터,제주특별자치도 서귀포시 부두로5번길 9,"#친구 #맑음 #휴식/힐링
#여름 #물놀이 #용천수 #자연경관 #어트랙션"
929,정의향교,제주특별자치도 서귀포시 표선면 성읍서문로 14,"#문화유적지 #청년 #중/장년
#노년 #휴식/치유 #휴식/힐링 #경관/포토 #친구 #아이 #부모 #역사유적 #포토스팟 #어린이 #어트랙션"
930,정의현 일관헌,제주특별자치도 서귀포시 표선면 성읍리 690,"#문화유적지 #맑음 #자연경관
#문화관광 #역사유적"
931,제라진 제주오프로드 사파리,제주특별자치도 제주시 조천읍 선교로 33,"#커플 #친구 #체험관광
#드라이브 #액티비티 #오름 #체험 #레저/체험 #어트랙션"
932,제로스테이션,제주특별자치도 제주시 산지로 25 2층,"#휴식/힐링 #체험관광 #액티비티
#사계절 #체험 #레저/체험 #어트랙션"
933,제원한의원,제주특별자치도 제주시 신대로14길 36 2층,#의료관광
934,제주 더팔팔농장,제주특별자치도 서귀포시 성산읍 독자봉로60번길 20,"#커플 #친구 #아이
#체험관광 #실내 #부모 #혼자 #체험 #어린이 #어트랙션"
935,제주 이호털보 배낚시,제주시 테우해안로 146,"#낚시 #액티비티 #친구
#커플 #체험 #레저/체험 #수상레저 #어트랙션"
936,제주 카카오캠핑,제주특별자치도 제주시 일주서로 7867,"#야영장 #캠핑장 #액티비티
#친구 #여름 #체험 #레저/체험 #캠핑 #언택트 #어트랙션"
937,제주 패러글라이딩 스쿨,"제주특별자치도 제주시 신선길 17-6, 일도주택3층(일도2동)","#액티비티 #커플 #맑음
#체험 #레저/체험 #수상레저 #어트랙션"
938,제주고산리유적,제주특별자치도 제주시 한경면 노을해안로 1100,"#고산리 #신석기시대 #유적
#토기 #자연경관 #문화관광 #체험 #역사유적 #어트랙션"
939,제주교육박물관,제주특별자치도 제주시 오복 4길 25,"#실내 #미술/박물관 #비.눈
#사계절 #실내관광지 #문화관광 #박물관 #어트랙션"
940,제주국제공항,제주특별자치도 제주시 공항로 2,"#문화유적지 #4.3 #문화관광
#제주4.3 #역사유적 #어트랙션"
941,제주국제예술센터,제주특별자치도 서귀포시 대정읍 서삼중로 117,"#예술 #실내 #미술/박물관
#흐림 #사계절 #실내관광지 #어트랙션"
942,제주국제평화센터,제주특별자치도 서귀포시 중문 관광로 227-24,"#실내 #미술/박물관 #비.눈
#사계절 #실내관광지 #어트랙션"
943,제주글램핑,제주특별자치도 제주시 구좌읍 중산간동로 1921,"#야영장 #캠핑장 #액티비티
#친구 #커플 #맑음 #체험 #레저/체험 #캠핑 #언택트 #어트랙션"
944,제주기독교순례길,제주특별자치도 제주시 애월읍 금성하안길 3,"#걷기/등산 #흐림 #봄
#가을 #문화관광 #도보여행 #도보 #어트랙션"
945,제주농업학교 옛터,제주특별자치도 제주시 전농로 100,"#4.3 #문화유적지 #문화관광
#제주4.3 #역사유적 #어트랙션"
946,제주다,제주특별자치도 제주시 애월읍 납읍남로 65,"#체험관광 #아이 #차
#어린이 #어트랙션"
947,제주다이브 체험다이빙,제주특별자치도 서귀포시 월드컵로 84,"#커플 #혼자 #친구
#액티비티 #다이빙체험 #스쿠버교육 #체험 #레저/체험 #수상레저 #어트랙션"
948,제주대학교병원,제주특별자치도 제주시 아란13길 15,#의료관광
949,제주도공방노꼬메,제주특별자치도 제주시 동문로21길 19-2,"#공방 #구제주 #체험프로그램
#체험 #쇼핑 #상점/상가 #어트랙션"
950,제주돌하르방캠핑장,제주특별자치도 제주시 한경면 낙수로 271-40,"#야영장 #캠핑장 #액티비티
#친구 #맑음 #여름 #체험 #레저/체험 #캠핑 #언택트 #어트랙션"
951,제주레이크힐스컨트리클럽,제주특별자치도 서귀포시 산록남로 1391 (중문동),"#골프 #액티비티 #체험
#레저/체험 #어트랙션"
952,제주문예회관,제주특별자치도 제주시 동광로 69,"#실내 #미술/박물관 #비.눈
#사계절 #문화관광 #어트랙션"
953,제주미래교육연구원 과학탐구체험장,제주특별자치도 제주시 산록북로 421,"#아이 #부모 #어린이
#어트랙션"
954,제주베스트힐 펜션&글램핑,제주특별자치도 제주시 조천읍 남조로 2109-36,"#야영장 #캠핑장 #숙소
#휴양펜션 #펜션 #독채 #한옥 #온돌방 #바비큐 #수영장 #체험 #공공와이파이존 #언택트"
955,제주불교성지 순례길 절로 가는길 - 보시의 길,제주특별자치도 제주시 애월읍 수산곰솔길 56,"#걷기/등산 #봄 #가을
#문화관광 #도보여행 #도보 #어트랙션"
956,제주불교성지 순례길 절로 가는길 - 인욕의 길,제주특별자치도 제주시 산록북로 660,"#걷기/등산 #맑음 #문화관광
#도보여행 #도보 #어트랙션"
957,제주불교성지 순례길 절로 가는길 - 정진의 길,제주특별자치도 서귀포시 영실로 246 (하원동),"#걷기/등산 #맑음 #문화관광
#도보여행 #도보 #어트랙션"
958,제주불교성지 순례길 절로 가는길 - 지계의 길,제주특별자치도 제주시 서연길 10,"#걷기/등산 #흐림 #문화관광
#도보여행 #도보 #어트랙션"
959,제주불교성지 순례길 절로가는길 - 선정의 길,제주특별자치도 서귀포시 516로771번길 59,"#걷기/등산 #흐림 #봄
#가을 #문화관광 #도보여행 #도보 #어트랙션"
960,제주불빛정원 테마파크,제주특별자치도 제주시 애월읍 평화로 2346,"#부모 #커플 #혼자
#친구 #아이 #맑음 #테마공원 #밤 #체험 #어린이 #어트랙션"
961,제주샘주 영농협동조합,제주특별자치도 제주시 애월읍 애원로 283,"#술 #오메기술 #고소리술
#칵테일만들기 체험 #토속주 #니모메술 #세우리술 #음식"
962,제주시 충혼묘지 4·3추모비,제주특별자치도 제주시 노형동 산 19-2,"#4.3 #문화유적지 #문화관광
#제주4.3 #역사유적 #어트랙션"
963,제주신화전설탐방로,제주특별자치도 서귀포시 안덕면 녹차분재로 218,"#부모 #혼자 #커플
#친구 #아이 #제주신화 #신화탐방로 #신나락만나락 #자연경관 #체험 #어린이 #어트랙션"
964,제주아리랑 NEW 혼,제주특별자치도 서귀포시 표선면 번영로 2564-21,"#공연 #태권도 #실내관광지
#체험 #문화관광 #어트랙션"
965,제주아트센터,제주특별자치도 제주시 오남로 231,"#공연장 #제주시 #대극장
#공연 #뮤지컬 #연극 #실내관광지 #문화관광 #어트랙션"
966,제주안전체험관,제주특별자치도 제주시 애월읍 평화로 1885,"#아이 #테마공원 #체험관광
#실내관광지 #체험 #어린이 #어트랙션"
967,제주에코승마장,제주특별자치도 제주시 조천읍 교래리 39-3번지 (비자림로 1065),"#부모 #커플 #혼자
#친구 #아이 #맑음 #액티비티 #승마 #체험 #레저/체험 #어린이 #어트랙션"
968,제주여가마을,제주특별자치도 제주시 조천읍 조와로 360,"#겨울 #마을산책 #마을관광
#체험 #어트랙션"
969,제주오렌지,제주특별자치도 서귀포시 남원읍 서성로 684-5,"#체험관광 #아이 #실내관광지
#체험 #어린이 #어트랙션"
970,제주오름승마랜드,조천읍 번영로 1734-15,"#승마 #액티비티 #커플
#맑음 #오름 #체험 #도보여행 #도보 #레저/체험 #어트랙션"
971,제주올레 10-1코스,제주특별자치도 서귀포시 대정읍 가파리 298,"#올레 #걷기/등산 #친구
#혼자 #봄 #자연경관 #도보여행 #도보"
972,제주올레 7-1코스,제주특별자치도 서귀포시 서호동 553-1,"#올레 #걷기/등산 #친구
#봄 #자연경관 #도보여행 #도보"
973,제주우리병원,제주특별자치도 제주시 중앙로 373,#의료관광
974,제주인디,제주특별자치도 서귀포시 성산읍 중산간동로 4150-30,"#자연염색 #천연염색 #체험관광
#체험 #어트랙션"
975,제주잠수함,제주특별자치도 제주시 조천읍 조함해안로 321-21,"#액티비티 #부모 #아이
#신흥 #체험 #레저/체험 #어린이 #수상레저 #어트랙션"
976,제주중앙성당,제주특별자치도 제주시 관덕로8길 14,"#휴식/힐링 #체험관광 #문화유적지
#사계절 #휴식/치유 #문화관광 #역사유적 #어트랙션"
977,제주쥬티클럽,제주특별자치도 서귀포시 성산읍 신양로 113,"#커플 #친구 #액티비티
#해변 #체험 #레저/체험 #수상레저 #어트랙션"
978,제주참숯가마찜질방,제주특별자치도 서귀포시 성산읍 삼달로 47,#찜질방 #참숯불가마
979,제주친구,제주특별자치도 서귀포시 동홍로 149,"#커플 #친구 #체험관광
#체험 #어트랙션"
980,제주카약,제주특별자치도 제주시 조천읍 평사길 19,"#액티비티 #커플 #맑음
#체험 #레저/체험 #수상레저 #어트랙션"
981,제주컨트리클럽,제주특별자치도 제주시 영평동 2263-5,"#골프 #액티비티 #체험
#레저/체험 #어트랙션"
982,제주토종흑염소목장,제주특별자치도 서귀포시 남원읍 자배오름로 74-274,"#부모 #커플 #친구
#아이 #맑음 #체험관광 #흑염소 #동물먹이주기 #체험 #애견동반 #자연경관 #어린이 #어트랙션 #어린이동물농장"
983,제주파인비치카라반,제주특별자치도 서귀포시 남원읍 태위로 976-10,"#야영장 #캠핑장 #숙소
#캠핑 #바비큐 #공공와이파이존 #온돌방 #언택트"
984,제주평화박물관,제주시 한경면 청수서5길 63,"#실내 #미술/박물관 #아이
#비.눈 #가을 #실내관광지 #문화관광 #박물관 #어트랙션"
985,제주플래티늄카라반,제주시 애월읍 하귀미수포길 5-8,"#야영장 #캠핑장 #액티비티
#맑음 #체험 #레저/체험 #캠핑 #언택트 #어트랙션"
986,제주한라병원,제주특별자치도 제주시 도령로 65,#의료관광
987,제주해양레저,제주특별자치도 서귀포시 중문관광로 192,"#해수욕장 #액티비티 #맑음
#체험 #레저/체험 #해변 #물놀이 #수상레저 #어트랙션"
988,제주해양레저파크,제주특별자치도 서귀포시 예래해안로 97,"#예래 #서귀포 #수상레저
#해상레저 #자연경관 #체험 #레저/체험 #어린이 #테마공원 #어트랙션"
989,제주힐CC,제주특별자치도 제주시 516로 2596-117,"#골프 #액티비티 #체험
#레저/체험 #어트랙션"
990,제주힐링명상센터,제주특별자치도 제주시 애월읍 어음13길 196,"#웰니스 #힐링 #명상
#테마공원 #부모 #가족"
991,조선한의원,제주특별자치도 제주시 진군남4길 7-1,#의료관광
992,조수리 농어촌체험마을,제주특별자치도 제주시 한경면 조수리,"#체험관광 #아이 #흐림
#사계절 #마을산책 #마을관광 #어린이 #어트랙션"
993,조안베어뮤지엄,제주특별자치도 서귀포시 대포로 113 (대포동),"#실내 #테마공원 #아이
#비.눈 #흐림 #사계절 #실내관광지 #어린이 #어트랙션"
994,조은승마장,제주특별자치도 서귀포시 안덕면 동광로 265-14,"#승마 #액티비티 #커플
#가을 #체험 #레저/체험 #어트랙션"
995,조이다이브,서귀포시 중산간동로 83838,"#해수욕장 #액티비티 #친구
#커플 #맑음 #체험 #레저/체험 #해변 #물놀이 #수상레저 #어트랙션"
996,조일구락부 옛터,제주특별자치도 제주시 관덕로2길 11,"#4.3 #문화유적지 #문화관광
#제주4.3 #역사유적 #어트랙션"
997,조천만세동산,제주특별자치도 제주시 조천읍 조천리 1133-2,"#문화유적지 #봄 #문화관광
#역사유적"
998,조천비석거리,제주특별자치도 제주시 조천읍 조천리,"#문화유적지 #문화관광 #역사유적
#어트랙션"
999,조천중학원 옛터,제주특별자치도 제주시 조천읍 신북로 264,"#문화유적지 #4.3 #문화관광
#제주4.3 #역사유적 #어트랙션"
1000,족은노꼬메오름,제주특별자치도 제주시 애월읍 유수암리,"#오름 #걷기/등산 #커플
#봄 #자연경관 #도보여행 #도보"
1001,족은바리메,제주특별자치도 제주시 애월읍 상가리 산 124,"#커플 #친구 #맑음
#오름 #자연경관"
1002,족은사슴이오름,제주특별자치도 서귀포시 표선면 녹산로 536,"#부모 #커플 #혼자
#친구 #아이 #오름 #자연경관 #도보여행 #도보 #어린이"
1003,존자암지,제주특별자치도 서귀포시 영실로 243,"#문화유적지 #맑음 #자연경관
#문화관광 #역사유적 #단풍"
1004,종남마을,제주특별자치도,"#4.3 #문화유적지 #문화관광
#제주4.3 #역사유적 #마을산책 #마을관광 #어트랙션"
1005,종달고망난돌쉼터,제주 제주시 구좌읍 종달리 112-4,"#부모 #커플 #혼자
#친구 #맑음 #흐림 #비.눈 #경관/포토 #휴식/힐링 #드라이브 #봄 #겨울 #가을 #여름 #일출 #일몰 #밤 #올레 #오름 #해변 #4.3 #실내 #사계절 #청년 #중/장년 #노년 #휴식/치유 #자연경관 #제주4.3 #역사유적 #포토스팟 #어트랙션"
1006,주정공장,제주특별자치도 제주시 임항로 111 (건입동)일대,"#4.3 #문화유적지 #문화관광
#제주4.3 #역사유적 #어트랙션"
1007,중문리 신사터,제주특별자치도 서귀포시 천제연로 149,"#4.3 #문화유적지 #문화관광
#제주4.3 #역사유적 #어트랙션"
1008,중문미로파크,제주특별자치도 서귀포시 일주서로 1225-5,"#테마공원 #아이 #가을
#체험 #어린이 #어트랙션"
1009,중문색달해변,제주특별자치도 서귀포시 중문관광로72번길 114,"#부모 #커플 #혼자
#친구 #아이 #경관/포토 #휴식/힐링 #사계절 #청년 #중/장년 #휴식/치유 #자연경관 #포토스팟 #어린이"
1010,중문승마공원,제주특별자치도 서귀포시 이어도로 244,"#커플 #친구 #아이
#액티비티 #봄 #가을 #승마 #체험 #레저/체험 #어린이 #어트랙션"
1011,중문카라반,제주특별자치도 서귀포시 이어도로 81,"#야영장 #캠핑장 #액티비티
#맑음 #체험 #레저/체험 #캠핑 #언택트 #어트랙션"
1012,중문컨트리클럽,제주특별자치도 서귀포시 중문관광로72번길 60,"#골프 #액티비티 #체험
#레저/체험 #어트랙션"
1013,중앙병원,제주특별자치도 제주시 월랑로 91,#의료관광
1014,중엄리새물,제주특별자치도 제주시 애월읍 애월해안로 10-2,"#경관/포토 #올레 #자연경관
#포토스팟"
1015,지그리오름,제주특별자치도 제주시 조천읍 교래리 산 137-1,"#오름 #걷기/등산 #자연경관
#도보여행 #도보"
1016,진빌레 밭담길,제주특별자치도 제주시 구좌읍 월정리 1400-14,"#부모 #커플 #아이
#맑음 #걷기 #자연경관 #체험 #도보여행 #도보 #어린이"
1017,질그랭이센터,제주특별자치도 제주시 구좌읍 세평항로 46-9,"#겨울 #체험 #마을관광
#어트랙션"
1018,참굴비조형물,,"#포토스팟 #부모 #친구
#커플 #혼자 #휴식 #비/바람/눈 #안개/흐림 #맑음 #봄 #여름 #가을 #겨울 #중/장년 #청년 #노년 #어트랙션"
1019,창고천생태공원,제주특별자치도 서귀포시 안덕면 일주서로 1524,"#계곡 #걷기/등산 #흐림
#봄 #자연경관"
1020,천제연폭포 & 제주4.3중문면희생자위령비,제주특별자치도 서귀포시 천제연로 132,"#4.3 #문화유적지 #친구
#커플 #흐림 #문화관광 #제주4.3 #역사유적 #어트랙션"
1021,천주교 순례길 - 김기량길,제주특별자치도 제주시 조천읍 조천2길 19,"#걷기/등산 #흐림 #봄
#가을 #문화관광 #도보여행 #도보 #어트랙션"
1022,천주교 순례길 - 김대건길,제주특별자치도 제주시 한경면 고산로 6-3,"#걷기/등산 #흐림 #봄
#가을 #문화관광 #도보여행 #도보 #어트랙션"
1023,천주교 순례길 - 신축화해길,제주특별자치도 제주시 관덕로8길 14,"#걷기/등산 #봄 #가을
#문화관광 #도보여행 #도보 #어트랙션"
1024,천주교 순례길 - 하논성당길,제주특별자치도 서귀포시 태평로 398,"#걷기 #봄 #가을
#문화관광 #도보여행 #도보 #어트랙션"
1025,천주교길 정난주길,제주특별자치도 서귀포시 대정읍 추사로247번길 102,"#걷기/등산 #흐림 #봄
#가을 #문화관광 #도보여행 #도보 #어트랙션"
1026,청수성결교회,제주특별자치도 제주시 한경면 대한로 1067,"#휴식/힐링 #교회 #실내관광지
#문화관광 #어트랙션"
1027,최영장군사당,제주특별자치도 제주시 추자면 대서3길 10,"#문화유적지 #흐림 #가을
#자연경관 #문화관광 #역사유적 #어트랙션"
1028,추사 유배길 - 1코스 집념의 길,제주특별자치도 서귀포시 대정읍 추사로 44,"#걷기/등산 #흐림 #봄
#가을 #문화관광 #도보여행 #도보 #어트랙션"
1029,추억애거리,제주특별자치도 제주시 도공로 3-3,#포토스팟 #걷기/휴식
1030,추자도등대,제주특별자치도 제주시 추자면 영흥4길 43,"#등대 #경관/포토 #맑음
#포토스팟 #어트랙션"
1031,추자등대,제주특별자치도 제주시 추자면 영흥리 77-3,"#등대 #경관/포토 #맑음
#가을 #포토스팟"
1032,추자연도교,제주특별자치도 제주시 추자면 영흥리 97-3,#걷기/등산
1033,취다선리조트,제주특별자치도 서귀포시 성산읍 해맞이해안로 2688,"#웰니스 #힐링 #명상
#요가 #차 #커플 #숙소 #리조트 #어트랙션"
1034,칠머리길,제주특별자치도 제주시 칠머리길 1,"#휴식/힐링 #걷기/등산 #자연경관
#체험 #도보여행 #도보 #어트랙션"
1035,카페물결,제주특별자치도 제주시 사라봉동길 108-1,"#경관/포토 #휴식/힐링 #사계절
#휴식/치유 #전시와행사 #카페 #음식 #포토스팟 #아메리카노 #레몬에이드 #식당 #에스프레소 #카페라떼 #주스 #과일주스"
1036,캐니언파크,제주특별자치도 제주시 삼무로 51,"#커플 #친구 #아이
#실내관광지 #체험 #어린이 #테마공원 #어트랙션"
1037,캐릭파크,제주특별자치도 제주시 조천읍 선교로 266,"#실내 #테마공원 #아이
#비.눈 #흐림 #사계절 #실내관광지 #어린이 #어트랙션"
1038,캔디원,제주특별자치도 제주시 조천읍 선교로 384,"#체험 #아이 #수제캔디
#실내관광지 #어린이 #어트랙션"
1039,캘리그라피 오월,제주특별자치도 제주시 오남로 90,"#체험관광 #실내 #원데이클래스
#체험 #어트랙션"
1040,케이제주해양사업단,제주특별자치도 서귀포시 대정읍 최남단해안로 116,"#친구 #액티비티 #실내관광지
#체험 #레저/체험 #수상레저 #어트랙션"
1041,태웃개,제주특별자치도 서귀포시 남원읍 태위로398번길 57,"#아이 #여름 #자연경관
#어린이"
1042,테우마을 수원리 농어촌체험마을,제주시 한림읍 한림해안로 274,"#체험관광 #아이 #흐림
#사계절 #체험 #마을산책 #마을관광 #어린이 #어트랙션"
1043,토산봉,제주특별자치도 서귀포시 표선면 토산리 산 13,"#친구 #혼자 #맑음
#오름 #자연경관 #도보여행 #도보"
1044,토이파크,제주특별자치도 서귀포시 안덕면 동광로 267-7,"#실내 #테마공원 #아이
#비.눈 #사계절 #실내관광지 #어린이 #어트랙션"
1045,토종닭유통특구교래삼다수마을,제주특별자치도 제주시 조천읍 교래리,"#체험관광 #마을산책 #마을관광
#어트랙션"
1046,통일관,제주특별자치도 제주시 신산로9길 4,"#통일 #역사 #실내관광지
#역사유적 #어트랙션"
1047,팀케이,제주특별자치도 제주시 조천읍 북촌13길 23,"#체험관광 #해변 #액티비티
#체험 #레저/체험 #어트랙션"
1048,파군봉,제주특별자치도 제주시 애월읍 상귀서길 95,"#오름 #걷기/등산 #자연경관
#도보여행 #도보"
1049,파파빌레,제주특별자치도 제주시 조천읍 남조로 2185,"#웰니스 #자연 #숲
#치유 #현무암 #부모 #자연경관 #체험 #어트랙션"
1050,평대리불턱,제주특별자치도 제주시 구좌읍 해맞이해안로 1240-3,#문화유적지 #역사유적 #어트랙션
1051,평대해변,제주특별자치도 제주시 구좌읍 평대리 1994-20,"#해변 #경관/포토 #친구
#커플 #여름 #자연경관 #포토스팟"
1052,평수포구,제주특별자치도 제주시 한림읍 한림해안로 297-1,"#포구 #해변 #문화유적지
#역사유적"
1053,포레스트 사파리,제주특별자치도 제주시 조천읍 선교로 474-1,"#아이 #테마파크 #동물
#체험 #어린이 #어트랙션 #어린이동물농장"
1054,포토갤러리 자연사랑미술관,제주특별자치도 서귀포시 표선면 가시리 1920-1,"#사진 #전시관 #갤러리
#문화관광 #미술관 #실내관광지 #어트랙션"
1055,폴개협동조합,제주특별자치도 서귀포시 남원읍 원님서로326번길 38-51,"#웰니스 #만남 #즐김
#치유 #체험 #가족 #쇼핑 #관광기념품 #상점/상가"
1056,푸른콩 방주영농조합법인,제주특별자치도 서귀포시 중산간서로 740(중문동),"#체험관광 #휴식/치유 #6차산업
#체험 #어트랙션"
1057,풋감마을 소길리 농어촌체험마을,제주시 애월읍 소길1길 15,"#체험관광 #친구 #커플
#흐림 #사계절 #체험 #도보여행 #도보 #마을산책 #마을관광 #어트랙션"
1058,플레이박스VR,제주특별자치도 제주시 은수길 69,"#실내 #테마공원 #아이
#비.눈 #흐림 #사계절 #실내관광지 #어린이 #어트랙션"
1059,하논마르,제주특별자치도 서귀포시 서홍동 1003,#오름 #걷기/등산 #흐림
1060,하늘여행 행글라이더체험장,제주특별자치도 서귀포시 안덕면 중산간서로 1877,"#커플 #친구 #아이
#액티비티 #체험 #레저/체험 #어린이 #어트랙션"
1061,하멜상선전시관,제주특별자치도 서귀포시 안덕면 사계남로216번길 24-30,"#사계절 #청년 #실내
#미술/박물관 #아이 #친구 #부모 #경관/포토 #실내관광지 #문화관광 #포토스팟 #어린이 #어트랙션"
1062,하모씨워킹,제주특별자치도서귀포시대정읍최남단해안로 130,"#해수욕장 #액티비티 #친구
#커플 #맑음 #체험 #레저/체험 #해변 #물놀이 #수상레저 #어트랙션"
1063,한국건강관리협회제주특별자치도부,제주특별자치도 제주시 연북로 111,#의료관광
1064,한국병원,제주특별자치도 제주시 서광로 193,#의료관광
1065,한남의숙터,제주특별자치도 서귀포시 대정읍 추사로,"#문화유적지 #문화관광 #역사유적
#어트랙션"
1066,한동환해장성,제주특별자치도 제주시 구좌읍 해맞이해안로 858-1,"#경관/포토 #문화유적지 #자연경관
#역사유적 #포토스팟"
1067,한라산 아래 첫 마을,제주특별자치도 서귀포시 안덕면 광평로 41,"#메밀 #아이 #경관/포토
#체험관광 #6차산업 #체험 #마을산책 #마을관광 #포토스팟 #어린이 #한라산 #언택트 #어트랙션"
1068,한라산소주공장,제주특별자치도 제주시 한림읍 한림로 555,"#한라산소주 #체험관광 #액티비티
#사게절 #실내 #실내관광지 #체험 #레저/체험 #언택트 #어트랙션"
1069,한라승마장,제주특별자치도 서귀포시 안덕면 평화로 1078,"#승마 #액티비티 #친구
#커플 #가을 #체험 #레저/체험 #어트랙션"
1070,한라의향기,제주특별자치도 서귀포시 안덕면 병악로 58,"#체험 #감귤 #감귤따기
#자연경관 #어트랙션"
1071,한림바다체험마을,제주특별자치도 제주시 한림읍 한림해안로 200,"#부모 #아이 #체험관광
#액티비티 #여름 #청년 #중/장년 #체험 #마을산책 #마을관광 #레저/체험 #어린이 #어트랙션"
1072,한모살,제주특별자치도 제주시 표선면 표선리,"#4.3 #문화유적지 #문화관광
#제주4.3 #역사유적 #어트랙션"
1073,한화리조트 테라피센터,제주특별자치도 제주시 명림로 575-107 한화리조트 로비층 지하,"#스파 #힐링 #숙소
#리조트 #어트랙션"
1074,함덕야영장,제주특별자치도 제주시 조천읍 함덕리 1008,"#야영장 #캠핑장 #액티비티
#커플 #맑음 #자연경관 #체험 #레저/체험 #캠핑 #언택트 #어트랙션"
1075,함덕잠수함,제주특별자치도 제주시 조천읍 조함해안로 378,"#액티비티 #부모 #아이
#함덕 #체험 #레저/체험 #어린이 #수상레저 #어트랙션"
1076,함덕카페거리,제주특별자치도 제주시 조천읍 함덕리,#밤 #커플 #여름
1077,해비치컨트리클럽제주,제주특별자치도 서귀포시 남원읍 원님로 399번길 319,"#골프 #액티비티 #맑음
#체험 #레저/체험 #어트랙션"
1078,해품은체험농장,제주특별자치도 서귀포시 성산읍 서성일로 1078-14,"#부모 #친구 #아이
#체험관광 #맑음 #체험 #어린이 #어트랙션"
1079,해피맘하우스,제주특별자치도 제주시 애월읍 애월해안로 306-3,"#체험관광 #비 #실내
#실내관광지 #어트랙션"
1080,핸즈웍스,제주특별자치도 제주시 한림읍 귀덕로 78,"#가죽공방 #핸드메이드 #체험관광
#체험 #어트랙션"
1081,허브동산 미디어 파사드,제주특별자치도 서귀포시 표선면 돈오름로 170,"#밤 #테마공원 #커플
#여름 #실내관광지 #어트랙션"
1082,헌마공신김만일기념관,서귀포시 남원읍 서성로 919,"#커플 #부모 #혼자
#친구 #아이 #맑음 #흐림 #비.눈 #경관/포토 #휴식/힐링 #미술/박물관 #사계절 #청년 #중/장년 #노년 #전시와행사 #실내관광지 #역사유적 #포토스팟 #어린이 #어트랙션"
1083,현사포구,제주특별자치도 제주시 이호1동,"#커플 #친구 #일몰
#밤 #올레 #자전거 #낚시 #자연경관"
1084,현의합장묘역,제주특별자치도 서귀포시 남원읍 중산간동로 6242-56,"#4.3 #문화유적지 #문화관광
#제주4.3 #역사유적 #어트랙션"
1085,협자연대,제주특별자치도 서귀포시 성산읍 고성리 57-1,"#문화유적지 #문화관광 #역사유적
#어트랙션"
1086,형제해안로전망대,제주특별자치도 서귀포시 안덕면 형제해안로 26,"#부모 #커플 #혼자
#친구 #아이 #맑음 #경관/포토 #휴식/힐링 #올레 #해변 #드라이브 #포토스팟 #어린이 #어트랙션"
1087,화북환해장성,제주특별자치도 제주시 화북동,#문화유적지 #문화관광 #역사유적
1088,환상숲곶자왈 담앙족욕,제주특별자치도 제주시 한경면 녹차분재로 594-1,"#환상숲 #저지리 #족욕
#곶자왈 #숲 #마을관광 #웰니스 #체험 #어트랙션"
1089,황금굴,제주특별자치도 제주시 한림읍 한림로 300,"#여름 #경관/포토 #부모
#아이 #친구 #동굴 #자연경관 #포토스팟 #어린이"
1090,황우럭만화천국사회적협동조합,제주특별자치도 제주시 한림읍 내동남길 7-3,"#친구 #아이 #체험관광
#어린이 #어트랙션"
1091,효명사,제주특별자치도 서귀포시 남원읍 516로 815-41,"#경관/포토 #휴식/힐링 #절
#사찰 #포토스팟 #어트랙션"
1092,후포해변,제주특별자치도 제주시 추자면 대서5길 87,"#해변 #경관/포토 #자연경관
#포토스팟"
1093,훈데르트바서파크,제주특별자치도 제주시 우도면 우도해안길 32-12,#문화관광 #건축문화기행
1094,휘닉스 르쏠레이테라피,제주특별자치도 서귀포시 성산읍 섭지코지로 107 휘닉스제주아일랜드리조트 블루동 1층,"#스파 #체험 #호텔
#어트랙션"
1095,휴림,제주특별자치도 제주시 애월읍 광령남서길 40,"#부모 #친구 #아이
#커플 #액티비티 #야영장 #캠핑장 #체험 #레저/체험 #어린이 #캠핑 #언택트 #어트랙션"
